"tweetId","tweetReply","tweetRetweet","tweetLike","tweetView","topReply","topRetweet","topLike","topView","replyReply","replyRetweet","replyLike","replyView","webAccess","webComment","webOrder","webRate","webUser","tweetFollower","tweetFollowing","userFollower","userFollowing"
"663d8f47071e7b72289edd18",20,175,937,83467,5,0,95,3005,0,0,0,0,0,0,0,0,0,"3,487","5,028","0","3"
"663d8f47071e7b72289edd14",61,206,844,47525,1,1,5,169,0,0,0,0,0,0,0,0,0,"2M","120.1K","0","3"
"663d8f47071e7b72289edd10",13,24,284,11816,3,0,9,264,0,0,0,0,0,0,0,0,0,"243","279","0","3"
"663d8f46071e7b72289edd08",65,3141,15351,363861,0,0,11,3652,0,0,0,0,0,0,0,0,0,"964","302","0","3"
"663d8f46071e7b72289edd04",39,1511,4758,51767,1,0,1,58,0,0,0,0,0,0,0,0,0,"1,745","180","0","3"
"663d8f46071e7b72289edd00",23,1955,8615,131499,0,0,11,2531,0,0,0,0,0,0,0,0,0,"950","58","0","3"
"663d8f46071e7b72289edcfc",73,3022,7116,737238,2,34,304,9965,0,0,0,0,0,0,0,0,0,"35.6K","3,248","0","3"
"663d8f45071e7b72289edcf8",55,5208,15990,213920,0,15,103,6523,0,0,0,0,0,0,0,0,0,"2,176","203","0","3"
"663d8f45071e7b72289edcf4",178,19731,51492,476058,0,0,2,782,0,0,0,0,0,0,0,0,0,"145.6K","191","0","3"
"663d8f45071e7b72289edcf0",905,23743,254188,18424499,31,696,8541,453425,0,0,0,0,0,0,0,0,0,"4M","567","0","3"
"663d8f45071e7b72289edcec",335,20440,70439,1013923,0,8,88,2990,0,0,0,0,0,0,0,0,0,"120.6K","97","0","3"
"663d8f45071e7b72289edce8",20,6629,38177,512251,1,0,161,9942,0,0,0,0,0,0,0,0,0,"606","100","0","3"
"663d877f071e7b72289edc8e",168,6955,9264,186726,4,3,33,80299,0,0,0,0,0,0,0,0,0,"35.3K","5","0","3"
"663d877f071e7b72289edc8a",100,2078,9840,98039,0,0,10,834,0,0,0,0,0,0,0,0,0,"36.4K","2,001","0","3"
"663d877e071e7b72289edc86",33,245,1478,53479,3,20,125,9489,0,0,0,0,0,0,0,0,0,"750.7K","1,439","0","3"
"663d877e071e7b72289edc82",27,266,1091,87817,0,0,2,532,0,0,0,0,0,0,0,0,0,"3.6M","645","0","3"
"663d877e071e7b72289edc7e",51,3,61,401,755,403,3711,1875717,0,0,0,0,0,0,0,0,0,"2,661","2,682","0","3"
"663d877d071e7b72289edc7a",26,64,344,17825,1106,797,5714,2990158,0,0,0,0,0,0,0,0,0,"107.2K","406","0","3"
"663d877d071e7b72289edc76",15,5,17,958,1,0,1,6,0,0,0,0,0,0,0,0,0,"2,395","2,787","0","3"
"663d816d071e7b72289edc1c",10,5,57,6513,3,13,54,194785,0,0,0,0,0,0,0,0,0,"430","245","0","3"
"663d816c071e7b72289edc18",26,288,337,16025,2,0,2,148,0,0,0,0,0,0,0,0,0,"2.068","1.173","0","3"
"663d816c071e7b72289edc14",78,31,377,9499,77,290,2453,3137624,0,0,0,0,0,0,0,0,0,"11,6 N","485","0","3"
"663d816c071e7b72289edc10",76,33,381,15508,27,10,85,278931,0,0,0,0,0,0,0,0,0,"725","684","0","3"
"663d816c071e7b72289edc0c",10,7,54,8565,0,0,4,191,0,0,0,0,0,0,0,0,0,"512","530","0","3"
"663d816b071e7b72289edc08",21,44,405,30928,1,4,16,456,0,0,0,0,0,0,0,0,0,"200","474","0","3"
"663d816b071e7b72289edc04",24,12,114,4958,3,0,4,116,0,0,0,0,0,0,0,0,0,"725","684","0","3"
"663d816b071e7b72289edc00",27,13,145,4989,1,0,1,34,0,0,0,0,0,0,0,0,0,"725","684","0","3"
"663d7ecc071e7b72289edbf7",102,995,4364,418283,6,76,232,262135,0,0,0,0,0,0,0,0,0,"156.5K","69","0","3"
"663d7ecc071e7b72289edbf3",18,19,180,7035,22,31,130,236718,0,0,0,0,0,0,0,0,0,"42.7K","10.2K","0","3"
"663d7ecc071e7b72289edbef",110,597,3707,479793,2,7,142,649180,0,0,0,0,0,0,0,0,0,"4,512","4,028","0","3"
"663d7ecc071e7b72289edbeb",128,47,245,47959,23,43,181,245163,0,0,0,0,0,0,0,0,0,"1,987","521","0","3"
"663d7ecc071e7b72289edbe7",20,93,74,4310,19,128,254,878578,0,0,0,0,0,0,0,0,0,"10.3K","275","0","3"
"663d7ecb071e7b72289edbe3",24,32,102,6078,103,193,1027,1323484,0,0,0,0,0,0,0,0,0,"821","71","0","3"
"663d7ecb071e7b72289edbdf",21,20,257,7451,0,0,2,41,0,0,0,0,0,0,0,0,0,"1,972","1,956","0","3"
"663d7ecb071e7b72289edbd7",15,3,23,472,0,0,2,11,0,0,0,0,0,0,0,0,0,"62","30","0","3"
"663d7ecb071e7b72289edbd3",11,7,19,893,19,128,254,877348,0,0,0,0,0,0,0,0,0,"14","24","0","3"
"663d7eca071e7b72289edbcf",20,26,106,6350,14,15,90,569502,0,0,0,0,0,0,0,0,0,"821","71","0","3"
"663d79ffecd9b6723464e79b",12,135,731,19360,1326,9946,45829,9498914,0,0,0,0,0,0,0,0,0,"14,4 N","568","0","5"
"663d79ffecd9b6723464e797",116,545,2844,552649,14,15,90,568057,0,0,0,0,0,0,0,0,0,"1,1 Tr","679","0","5"
"663d79feecd9b6723464e793",59,219,1137,220192,14,15,90,568057,0,0,0,0,0,0,0,0,0,"1,1 Tr","679","0","5"
"663d79feecd9b6723464e78f",22,24,179,78491,1,0,4,1309,0,0,0,0,0,0,0,0,0,"1,1 Tr","679","0","5"
"663d79feecd9b6723464e78b",16,1,251,19506,128,197,1089,302199,0,0,0,0,0,0,0,0,0,"69,1 N","814","0","5"
"663d79feecd9b6723464e787",17,6,517,13972,186,330,1665,272105,0,0,0,0,0,0,0,0,0,"97","560","0","5"
"663d772d1f93ff9d15b79a28",378,443,984,102806,66,53,101,7323,0,0,0,0,0,0,0,0,0,"6,765","495","0","5"
"663d772c1f93ff9d15b79a24",18,18,107,27722,21,19,292,1088868,0,0,0,0,0,0,0,0,0,"3,100","2,147","0","5"
"663d772c1f93ff9d15b79a1c",307,1305,6513,477211,11,9,261,11365,0,0,0,0,0,0,0,0,0,"87K","1,358","0","5"
"663d772b1f93ff9d15b79a18",248,761,2809,274006,1,5,200,4989,0,0,0,0,0,0,0,0,0,"519.7K","429","0","5"
"663d772b1f93ff9d15b79a10",108,375,1188,38457,9,0,51,1374,0,0,0,0,0,0,0,0,0,"81.4K","3,041","0","5"
"663d772a1f93ff9d15b79a0c",55,202,801,183139,754,400,3708,1870643,0,0,0,0,0,0,0,0,0,"519.7K","429","0","5"
"663d772a1f93ff9d15b79a08",61,234,10073,92,5,14,466,3,0,0,0,0,0,0,0,0,0,"416.7K","144","0","5"
"663d772a1f93ff9d15b79a04",482,1924,7253,172,39,135,684,30,0,0,0,0,0,0,0,0,0,"390.2K","2,204","0","5"
"663d772a1f93ff9d15b79a00",1373,1732,12667,248720,37,24,319,960994,0,0,0,0,0,0,0,0,0,"213.7K","909","0","5"
"663d090b6c1f755b20e7eb1a",942,4795,13125,16,18,31,332,332,0,0,0,0,0,0,0,0,0,"697.1K","22.9K","0","5"
"663d090b6c1f755b20e7eb16",66,408,1030,4,0,2,6,1,0,0,0,0,0,0,0,0,0,"717.1K","562","0","5"
"663d090a6c1f755b20e7eb12",131,637,2070,33,3,1,44,44,0,0,0,0,0,0,0,0,0,"20M","1,686","0","5"
"663d090a6c1f755b20e7eb0e",109,375,442,1,0,4,8,8,0,0,0,0,0,0,0,0,0,"8,787","9,159","0","5"
"663d090a6c1f755b20e7eb0a",98,71,468,5,16,1,77,77,0,0,0,0,0,0,0,0,0,"112.6K","5,865","0","5"
"663d090a6c1f755b20e7eb06",103,358,2985,9,177,126,1978,5471326,0,0,0,0,0,0,0,0,0,"101.7K","215","0","5"
"663d09096c1f755b20e7eb02",1783,4007,13097,30,3,0,3,3,0,0,0,0,0,0,0,0,0,"788.9K","2,158","0","5"
"663d01b26c1f755b20e7e8fa",18,27,107,15499,1,11,47,158946,0,0,0,0,0,0,0,0,0,"3.501","99","0","5"
"663d01b26c1f755b20e7e8f6",35,1021,11213,337365,0,0,7,833,0,0,0,0,0,0,0,0,0,"817","275","0","5"
"663d01b16c1f755b20e7e8f2",31,40,73,11889,2,2,54,290020,0,0,0,0,0,0,0,0,0,"179 N","464","0","5"
"663d01b16c1f755b20e7e8ee",26,9,207,8124,1,11,47,159008,0,0,0,0,0,0,0,0,0,"9.680","52","0","5"
"663d01b16c1f755b20e7e8ea",29,1367,13880,373961,14,4,132,192394,0,0,0,0,0,0,0,0,0,"8.274","2.208","0","5"
"663cfd8a6c1f755b20e7e892",229,414,1141,181226,9,4,194,8202,0,0,0,0,0,0,0,0,0,"287,1 N","129","0","5"
"663cfd8a6c1f755b20e7e88e",16,340,2062,19065,63,25,409,1512908,0,0,0,0,0,0,0,0,0,"100","106","0","5"
"663cfd8a6c1f755b20e7e888",32,96,385,33856,3,12,41,165003,0,0,0,0,0,0,0,0,0,"216,2 N","28","0","5"
"663cfd8a6c1f755b20e7e883",142,9322,33708,855222,6,10,357,11462,0,0,0,0,0,0,0,0,0,"21,8 N","15","0","5"
"663cfd896c1f755b20e7e87e",480,1355,526,28927,162,221,2673,4444207,0,0,0,0,0,0,0,0,0,"30,1 N","77","0","5"
"663cfd896c1f755b20e7e87a",12,55,246,18849,35,26,371,2245060,0,0,0,0,0,0,0,0,0,"829","159","0","5"
"663cfd896c1f755b20e7e876",63,29,183,14399,24,32,757,1696360,0,0,0,0,0,0,0,0,0,"204","59","0","5"
"663cfd896c1f755b20e7e872",96,4085,11574,756134,12,67,544,21020,0,0,0,0,0,0,0,0,0,"816","581","0","5"
"663cfd896c1f755b20e7e86e",4856,29830,50253,2251580,56,547,3767,107683,0,0,0,0,0,0,0,0,0,"17,1 N","982","0","5"
"663cfd886c1f755b20e7e86a",15,271,988,14044,1,0,10,424,0,0,0,0,0,0,0,0,0,"144","225","0","5"
"663cfd886c1f755b20e7e866",463,66585,568859,7620952,2,65,18579,629440,0,0,0,0,0,0,0,0,0,"2.011","1.374","0","5"
"663cfa1a6c1f755b20e7e605",13,0,88,3118,7,0,30,68286,0,0,0,0,0,0,0,0,0,"7,317","2,216","39","39"
"663cfa1a6c1f755b20e7e601",35,30,83,1805,7,0,30,68286,0,0,0,0,0,0,0,0,0,"4,960","2,113","39","39"
"663cfa196c1f755b20e7e5fd",55,191,2786,11,11,12,910,1,0,0,0,0,0,0,0,0,0,"2,362","221","39","39"
"663cf9df6c1f755b20e7e5f8",118,1846,3973,17,1,2,6,6,0,0,0,0,0,0,0,0,0,"11K","5,006","39","39"
"663cf9df6c1f755b20e7e5f4",28,58,263,2,1,2,16,16,0,0,0,0,0,0,0,0,0,"7,087","4,447","39","39"
"663cf9de6c1f755b20e7e5f0",13,52,226,5379,1,0,3,56,0,0,0,0,0,0,0,0,0,"1,528","686","39","39"
"663cf9de6c1f755b20e7e5e9",15,27,157,157,1,0,3,3,0,0,0,0,0,0,0,0,0,"5,658","756","39","39"
"663cf9de6c1f755b20e7e5e5",12,24,79,79,1,0,3,3,0,0,0,0,0,0,0,0,0,"9,856","174","39","39"
"663cf9ae6c1f755b20e7e5e0",162,262,3156,55014,63,25,408,1510460,0,0,0,0,0,0,0,0,0,"2,171","1,148","39","39"
"663cf9ae6c1f755b20e7e5dc",67,1990,21483,371000,915,495,3856,1743019,0,0,0,0,0,0,0,0,0,"139.3K","520","39","39"
"663cf9ad6c1f755b20e7e5d8",16,109,673,11156,1103,733,5728,2973741,0,0,0,0,0,0,0,0,0,"5,231","121","39","39"
"663cf9ad6c1f755b20e7e5d1",22,98,596,7937,1,2,15,45441,0,0,0,0,0,0,0,0,0,"5,231","121","39","39"
"663cf9ad6c1f755b20e7e5cd",21,62,507,16662,0,1,0,111,0,0,0,0,0,0,0,0,0,"7,877","50","39","39"
"663cf9ac6c1f755b20e7e5c9",15,103,834,13220,68,121,558,1504760,0,0,0,0,0,0,0,0,0,"5,231","121","39","39"
"663cf74a6c1f755b20e7e58a",14,29,74,3454,1,5,15,459,0,0,0,0,0,0,0,0,0,"2,073","176","0","30"
"663cf74a6c1f755b20e7e586",19,33,149,7695,21,28,99,216439,0,0,0,0,0,0,0,0,0,"448","678","0","30"
"663cf74a6c1f755b20e7e582",18,14,36,36,7,0,28,65549,0,0,0,0,0,0,0,0,0,"2,586","3,361","0","30"
"663cf7496c1f755b20e7e57e",48,289,1889,52,204,32,918,1778478,0,0,0,0,0,0,0,0,0,"2,067","768","0","30"
"663cf7496c1f755b20e7e57a",50,16,255,255,72,77,686,1193418,0,0,0,0,0,0,0,0,0,"2,046","261","0","30"
"663cf7496c1f755b20e7e576",21,47,314,1,1,0,1,1,0,0,0,0,0,0,0,0,0,"14.5K","9,258","0","30"
"663cf7496c1f755b20e7e572",15,342,2047,55,26,10,79,271015,0,0,0,0,0,0,0,0,0,"6,744","1,704","0","30"
"663cf7486c1f755b20e7e56e",15,3,51,51,19,7,129,281575,0,0,0,0,0,0,0,0,0,"1,408","626","0","30"
"663cf7486c1f755b20e7e56a",21,211,1792,66,1,1,34,2,0,0,0,0,0,0,0,0,0,"11.4K","1,237","0","30"
"663cf7486c1f755b20e7e566",17,46,62,2938,14,26,192,680776,0,0,0,0,0,0,0,0,0,"5,038","4,342","0","30"
"663cf7476c1f755b20e7e562",13,11,24,389,3,8,25,144238,0,0,0,0,0,0,0,0,0,"5,437","1,058","0","30"
"663cf7476c1f755b20e7e55e",15,25,61,1148,753,395,3694,1860467,0,0,0,0,0,0,0,0,0,"20.5K","18.9K","0","30"
"663cf7476c1f755b20e7e55a",16,76,661,13158,22,39,124,147303,0,0,0,0,0,0,0,0,0,"5,005","944","0","30"
"663cf7466c1f755b20e7e556",24,17,56,683,15,22,441,1529484,0,0,0,0,0,0,0,0,0,"4,401","3,481","0","30"
"663cf7466c1f755b20e7e552",25,1308,2170,85046,20,17,382,1347160,0,0,0,0,0,0,0,0,0,"5,136","794","0","30"
"663cf3ba6c1f755b20e7e517",21,14,54,1331,24,28,140,198926,0,0,0,0,0,0,0,0,0,"2.423","2.193","0","30"
"663cf3ba6c1f755b20e7e513",15,28,48,1426,2,3,144,682608,0,0,0,0,0,0,0,0,0,"742","1.174","0","30"
"663cf3b96c1f755b20e7e50f",146,60,178,3442,1,0,3,47,0,0,0,0,0,0,0,0,0,"5.186","4.591","0","30"
"663cf35c6c1f755b20e7e4f2",15,21,84,1,5,0,3,3,0,0,0,0,0,0,0,0,0,"13,2 N","4.233","0","30"
"663cf35c6c1f755b20e7e4ee",30,62,114,114,1,0,1,1,0,0,0,0,0,0,0,0,0,"2.410","2.530","0","30"
"663cf35c6c1f755b20e7e4ea",376,1194,5290,8317453,8,2,52,69561,0,0,0,0,0,0,0,0,0,"1,5 Tr","387","0","30"
"663cf35c6c1f755b20e7e4e6",270,1017,5771,314920,1,1,89,12257,0,0,0,0,0,0,0,0,0,"1,5 Tr","387","0","30"
"663cf35b6c1f755b20e7e4de",33,22,103,103,14,14,85,470086,0,0,0,0,0,0,0,0,0,"4.765","5.120","0","30"
"663cf35b6c1f755b20e7e4da",14,336,1990,30,2621,2047,22945,67571364,0,0,0,0,0,0,0,0,0,"3.478","415","0","30"
"663cf35b6c1f755b20e7e4d6",34,276,1223,37733,204,32,919,1773604,0,0,0,0,0,0,0,0,0,"165","239","0","30"
"663cefc06c1f755b20e7e4bb",28,26,279,6675,1,0,3,47,0,0,0,0,0,0,0,0,0,"3,753","1,953","0","30"
"663cefc06c1f755b20e7e4b7",18,2,18,751,0,0,2,35,0,0,0,0,0,0,0,0,0,"867","612","0","30"
"663cefc06c1f755b20e7e4b3",47,100,190,3562,1,0,1,15,0,0,0,0,0,0,0,0,0,"1,312","1,562","0","30"
"663cefc06c1f755b20e7e4ac",14,26,42,1015,1,0,1,13,0,0,0,0,0,0,0,0,0,"4,961","4,022","0","30"
"663cefc06c1f755b20e7e4a8",32,16,63,955,7,0,30,68020,0,0,0,0,0,0,0,0,0,"6,277","4,862","39","39"
"663cefbf6c1f755b20e7e4a4",41,100,1134,36817,1,0,9,558,0,0,0,0,0,0,0,0,0,"4,209","1,818","0","30"
"663cefbf6c1f755b20e7e4a0",39,103,959,23193,1,0,2,340,0,0,0,0,0,0,0,0,0,"32.6K","1,607","0","30"
"663cec1b6c1f755b20e7e475",23,61,95,1702,0,0,9,23077,0,0,0,0,0,0,0,0,0,"2.541","2.851","0","30"
"663cec1a6c1f755b20e7e471",27,28,65,980,0,3,42,136036,0,0,0,0,0,0,0,0,0,"7.235","5.610","0","30"
"663cec1a6c1f755b20e7e46d",27,29,62,777,0,0,11,29266,0,0,0,0,0,0,0,0,0,"4.845","4.034","0","30"
"663cec1a6c1f755b20e7e469",18,26,203,1,3,8,24,141116,0,0,0,0,0,0,0,0,0,"14,5 N","9.258","0","30"
"663cec1a6c1f755b20e7e465",23,19,183,183,1,10,42,152856,0,0,0,0,0,0,0,0,0,"12,7 N","4.670","0","30"
"663ce75bc4081afbb717cd04",14,66,384,11263,0,0,1,82,0,0,0,0,0,0,0,0,0,"24.1K","12.5K","0","30"
"663ce75ac4081afbb717cd00",20,31,227,5116,1,0,2,19,0,0,0,0,0,0,0,0,0,"282","837","0","30"
"663ce75ac4081afbb717ccfc",15,74,523,14195,1,0,1,74,0,0,0,0,0,0,0,0,0,"11.4K","342","0","30"
"663ce75ac4081afbb717ccf8",21,13,174,1,0,0,6,6,0,0,0,0,0,0,0,0,0,"84.2K","227","0","30"
"663ce75ac4081afbb717ccf4",21,28,189,3389,1,0,2,25,0,0,0,0,0,0,0,0,0,"4,223","942","0","30"
"663ce759c4081afbb717ccf0",19,38,521,1,0,0,4,4,0,0,0,0,0,0,0,0,0,"485","91","0","30"
"663ce759c4081afbb717ccec",82,80,818,11,2,0,1,1,0,0,0,0,0,0,0,0,0,"4,223","942","0","30"
"663ce758c4081afbb717cce8",21,81,409,3,1,2,5,5,0,0,0,0,0,0,0,0,0,"4,439","1,710","0","30"
"663ce758c4081afbb717cce4",18,4,44,44,0,0,1,1,0,0,0,0,0,0,0,0,0,"41.7K","566","0","30"
"663ce757c4081afbb717ccd4",1486,580,7561,166537,0,0,12,604,0,0,0,0,0,0,0,0,0,"2,233","577","0","30"
"663ce757c4081afbb717ccd0",21,114,1108,30220,0,0,2,115,0,0,0,0,0,0,0,0,0,"1,127","302","0","30"
"663ccc1ee907ecc663fd3680",33,28,65,898,3,12,36,146730,0,0,0,0,0,0,0,0,0,"2.113","2.008","2","1"
"663ccc1de907ecc663fd367c",17,8,33,489,1,0,1,11,0,0,0,0,0,0,0,0,0,"4.354","3.980","2","1"
"663ccc1de907ecc663fd3678",21,54,633,16646,1,0,1,156,0,0,0,0,0,0,0,0,0,"20,9 N","789","2","1"
"663ccc1de907ecc663fd3674",13,6,58,2794,4,2,41,72927,0,0,0,0,0,0,0,0,0,"2.262","2.810","2","1"
"663ccc1ce907ecc663fd3670",26,82,122,1954,3,0,14,28632,0,0,0,0,0,0,0,0,0,"1.233","1.472","2","1"
"663caa4b742e6a6d6ea56588",17,0,17,405,0,0,1,18,0,0,0,0,0,0,0,0,0,"485","267","2","1"
"663caa4a742e6a6d6ea56584",13,35,57,1391,1,6,9,114,0,0,0,0,0,0,0,0,0,"18 N","4.368","2","1"
"663caa4a742e6a6d6ea56580",58,22,118,2733,1,0,1,3,0,0,0,0,0,0,0,0,0,"6.344","3.376","2","1"
"663caa4a742e6a6d6ea5657c",14,25,62,62,17855,9383,82334,237299784,0,0,0,0,0,0,0,0,0,"1.376","1.000","2","1"
"663caa4a742e6a6d6ea56578",19,4,158,158,1,0,3,3,0,0,0,0,0,0,0,0,0,"3.441","1.103","2","1"
"663caa4a742e6a6d6ea56574",15,6,77,77,1,0,2,2,0,0,0,0,0,0,0,0,0,"5.646","3.940","2","1"
"663caa4a742e6a6d6ea56570",13,89,269,2,2,1,4,4,0,0,0,0,0,0,0,0,0,"1.376","1.000","2","1"
"663caa4a742e6a6d6ea5656c",33,10,233,233,1,0,1,1,0,0,0,0,0,0,0,0,0,"7.478","2.755","2","1"
"663caa4a742e6a6d6ea56568",31,151,802,2,1,0,7,7,0,0,0,0,0,0,0,0,0,"21,6 N","1.636","2","1"
"663caa4a742e6a6d6ea56564",26,8,263,263,1,0,2,2,0,0,0,0,0,0,0,0,0,"7.478","2.755","2","1"
"663caa4a742e6a6d6ea56560",14,7,66,1146,211,145,2400,7254992,0,0,0,0,0,0,0,0,0,"1.829","1.031","2","1"
"663caa49742e6a6d6ea5655c",144,118,191,10068,0,3,149,622439,0,0,0,0,0,0,0,0,0,"443","263","2","1"
"663caa49742e6a6d6ea56558",16,12,247,1835,1,0,1,14,0,0,0,0,0,0,0,0,0,"2.122","496","2","1"
"663caa49742e6a6d6ea56554",11,9,46,3403,0,0,3,27,0,0,0,0,0,0,0,0,0,"7.458","5.766","2","1"
"663caa49742e6a6d6ea56550",106,112,212,7610,0,0,1,132,0,0,0,0,0,0,0,0,0,"634","202","2","1"
"663caa49742e6a6d6ea5654c",186,157,307,12931,1,0,2,386,0,0,0,0,0,0,0,0,0,"443","263","2","1"
"663caa49742e6a6d6ea56544",22,24,188,4999,74,285,2412,3060920,0,0,0,0,0,0,0,0,0,"8.544","7.905","2","1"
"663caa49742e6a6d6ea56540",24,98,1122,1,9,25,167,531969,0,0,0,0,0,0,0,0,0,"187","22","2","1"
"663caa49742e6a6d6ea5653c",29,63,428,5,2,2,14,14,0,0,0,0,0,0,0,0,0,"3.329","930","2","1"
"663ca527beb949f9391d1f76",12,1,21,1901,2,0,0,78,0,0,0,0,0,0,0,0,0,"451","311","2","1"
"663ca527beb949f9391d1f72",120,67,588,95484,8,21,325,12407,0,0,0,0,0,0,0,0,0,"8.514","3.074","2","1"
"663ca526beb949f9391d1f6e",10,16,41,408,1,0,4,8,0,0,0,0,0,0,0,0,0,"6.624","2.876","2","1"
"663ca526beb949f9391d1f6a",18,169,2048,250067,1,0,10,3801,0,0,0,0,0,0,0,0,0,"345,9 N","622","2","1"
"663ca526beb949f9391d1f66",10,23,78,8201,32,6,115,2932,0,0,0,0,0,0,0,0,0,"55 N","54","2","1"
"663ca526beb949f9391d1f62",26,29,113,1,2,1,14,14,0,0,0,0,0,0,0,0,0,"7.810","3.280","2","1"
"663ca526beb949f9391d1f5e",13,1,29,29,2,7,21,118017,0,0,0,0,0,0,0,0,0,"1.026","604","2","1"
"663ca526beb949f9391d1f5a",43,582,3921,176,211,145,2398,7242809,0,0,0,0,0,0,0,0,0,"49,2 N","981","2","1"
"663ca526beb949f9391d1f56",14,11,61,1880,1,0,2,40,0,0,0,0,0,0,0,0,0,"1.392","1.855","2","1"
"663ca526beb949f9391d1f52",12,5,45,45,5,0,7,7,0,0,0,0,0,0,0,0,0,"267","224","2","1"
"663ca526beb949f9391d1f4e",86,63,171,1862,0,0,2,39,0,0,0,0,0,0,0,0,0,"3.925","2.327","2","1"
"663c9e4dbeb949f9391d1ef9",178,226,2477,291877,2,5,30,3486,0,0,0,0,0,0,0,0,0,"1,9 Tr","11","2","1"
"663c9e4dbeb949f9391d1ef5",51,465,4814,581280,0,0,2,184,0,0,0,0,0,0,0,0,0,"2,2 Tr","6.070","2","1"
"663c9e4dbeb949f9391d1ef1",17,28,74,2408,1,1,1,25,0,0,0,0,0,0,0,0,0,"3.826","3.126","2","1"
"663c9e4dbeb949f9391d1eed",22,22,125,2980,1,0,1,148,0,0,0,0,0,0,0,0,0,"6.377","5.751","2","1"
"663c9e4dbeb949f9391d1ee9",66,11,54,7469,10,16,265,700493,0,0,0,0,0,0,0,0,0,"3.274","5.243","2","1"
"663c9e4dbeb949f9391d1ee5",17,24,100,3077,4,8,37,136542,0,0,0,0,0,0,0,0,0,"34 N","14,1 N","2","1"
"663c9e4dbeb949f9391d1ee1",20,30,115,7176,2,1,8,384,0,0,0,0,0,0,0,0,0,"40,9 N","1.276","2","1"
"663c9e4dbeb949f9391d1edd",23,64,392,13438,211,145,2398,7222029,0,0,0,0,0,0,0,0,0,"27,8 N","753","2","1"
"663c9e4dbeb949f9391d1ed9",97,31,307,19868,3,3,29,703,0,0,0,0,0,0,0,0,0,"636","279","2","1"
"663c9e4cbeb949f9391d1ed5",71,77,199,62349,1,0,1,189,0,0,0,0,0,0,0,0,0,"6,4 Tr","344","2","1"
"663c9e4cbeb949f9391d1ed1",14,36,58,1841,74,285,2411,3056933,0,0,0,0,0,0,0,0,0,"7.704","5","2","1"
"663c99be610b07b73d2577ea",34,48,157,34404,2,2,12,849,0,0,0,0,0,0,0,0,0,"60,5 N","2","3","14"
"663c99be610b07b73d2577e0",990,3291,31920,3221090,22,80,4695,113661,0,0,0,0,0,0,0,0,0,"4,2 Tr","0","3","14"
"663c99be610b07b73d2577dc",561,12458,93864,5054757,1,21,376,68721,0,0,0,0,0,0,0,0,0,"3,9 Tr","574","3","14"
"663c99be610b07b73d2577d8",971,15883,162645,3539351,8,36,1871,100402,0,0,0,0,0,0,0,0,0,"20,4 Tr","2.521","3","14"
"663c99be610b07b73d2577d4",53,218,1693,192620,2,1,89,2829,0,0,0,0,0,0,0,0,0,"1,1 Tr","2.804","3","14"
"663c99bd610b07b73d2577d0",360,1001,13461,358052,8,8,1061,26089,0,0,0,0,0,0,0,0,0,"8.968","804","3","14"
"663c99bd610b07b73d2577cc",1135,5026,40344,2553902,40,256,2082,146415,0,0,0,0,0,0,0,0,0,"3,9 Tr","574","3","14"
"663c99bd610b07b73d2577c8",355,6010,17663,1494962,211,1349,9153,113782,0,0,0,0,0,0,0,0,0,"1,3 Tr","938","3","14"
"663c99bd610b07b73d2577c4",342,13577,52466,551587,7,7,50,2284,0,0,0,0,0,0,0,0,0,"1,2 Tr","759","3","14"
"663c9520610b07b73d2577bd",26,33,130,9896,1,10,34,124052,0,0,0,0,0,0,0,0,0,"34,2 N","19,3 N","39","39"
"663c9520610b07b73d2577b9",14,32,133,3575,210,145,2393,7194299,0,0,0,0,0,0,0,0,0,"34,2 N","19,3 N","39","39"
"663c9520610b07b73d2577b1",149,1485,3335,52869,0,4,31,530,0,0,0,0,0,0,0,0,0,"9.977","4.611","39","39"
"663c951f610b07b73d2577ad",66,1111,1235,93999,1,6,45,4416,0,0,0,0,0,0,0,0,0,"36,5 N","4.733","39","39"
"663c951f610b07b73d2577a9",15,17,35,1411,52,7,158,1300173,0,0,0,0,0,0,0,0,0,"1.057","984","39","39"
"663c911960bdd4d514507146",66,188,423,100199,3,0,19,3468,0,0,0,0,0,0,0,0,0,"10,3 N","1.696","3","14"
"663c8d2860bdd4d514507109",10,17,134,6392,44,197,1846,1800370,0,0,0,0,0,0,0,0,0,"466 N","55","3","14"
"663c8d2860bdd4d514507105",36,81,364,49179,2,3,6,761,0,0,0,0,0,0,0,0,0,"159,8 N","399","3","14"
"663c8d2860bdd4d514507101",25,0,29,324,1,0,1,19,0,0,0,0,0,0,0,0,0,"1.671","4.378","3","14"
"663c8d2860bdd4d5145070fd",58,166,342,5535,1,10,34,121725,0,0,0,0,0,0,0,0,0,"8.266","6.604","3","14"
"663c8d2860bdd4d5145070f9",246,493,2180,337227,2,11,35,125127,0,0,0,0,0,0,0,0,0,"6,5 Tr","1.642","3","14"
"663c8d2860bdd4d5145070f5",186,561,3328,412344,1,0,3,88,0,0,0,0,0,0,0,0,0,"554,7 N","537","3","14"
"663c8d2760bdd4d5145070f1",36,101,1169,20804,210,143,2380,7171470,0,0,0,0,0,0,0,0,0,"12 N","45","3","14"
"663c8d2760bdd4d5145070ed",66,79,966,24356,35,25,354,2154166,0,0,0,0,0,0,0,0,0,"12 N","45","3","14"
"663c8d2760bdd4d5145070e9",22,0,26,888,25,16,239,1432764,0,0,0,0,0,0,0,0,0,"695","398","3","14"
"663c8d2760bdd4d5145070e5",92,121,1171,66772,37,17,365,1722761,0,0,0,0,0,0,0,0,0,"12 N","45","3","14"
"663c8d2760bdd4d5145070e1",35,36,1461,163353,3,0,185,15691,0,0,0,0,0,0,0,0,0,"1,7 Tr","147","3","14"
"663c8d2760bdd4d5145070dd",14,1,12,780,1,0,1,15,0,0,0,0,0,0,0,0,0,"872","332","3","14"
"663c8638dae5e9d3e3d88f9e",69,73,92,1598,0,4,2,98,0,0,0,0,0,0,0,0,0,"84,9 N","30,5 N","3","14"
"663c8638dae5e9d3e3d88f9a",43,16,72,5928,210,143,2371,7152530,0,0,0,0,0,0,0,0,0,"18,2 N","141","3","14"
"663c8638dae5e9d3e3d88f96",24,30,72,5943,9,13,199,519275,0,0,0,0,0,0,0,0,0,"326,4 N","170,5 N","3","14"
"663c18e9e59a1b9e6d48b721",372,494,3789,474275,58,25,381,1425778,0,0,0,0,0,0,0,0,0,"241,6 N","1.242","3","14"
"663c18e9e59a1b9e6d48b71d",180,200,207,7557,148,180,2169,5031030,0,0,0,0,0,0,0,0,0,"585","88","3","14"
"663c18e8e59a1b9e6d48b719",17,228,5998,63281,148,180,2169,5031030,0,0,0,0,0,0,0,0,0,"102,5 N","46","3","14"
"663c18e8e59a1b9e6d48b715",13572,18460,19929,206194,26,7,77,261049,0,0,0,0,0,0,0,0,0,"147,3 N","347","3","14"
"663c18e8e59a1b9e6d48b70e",232,11987,2971,70762,3,2,66,0,0,0,0,0,0,0,0,0,0,"82,2 N","163","3","14"
"663c18e8e59a1b9e6d48b707",20,277,284,26634,2,3,133,622988,0,0,0,0,0,0,0,0,0,"654","221","3","14"
"663c18e8e59a1b9e6d48b703",58,245,255,2373,24,15,232,1396938,0,0,0,0,0,0,0,0,0,"44,2 N","447","3","14"
"663c18e7e59a1b9e6d48b6ff",82,2611,10102,344994,17838,9409,82136,235776880,0,0,0,0,0,0,0,0,0,"1.862","192","3","14"
"663c18e7e59a1b9e6d48b6fb",22,368,3267,213447,166,112,1859,5022154,0,0,0,0,0,0,0,0,0,"92,3 N","344","3","14"
"663c18e7e59a1b9e6d48b6f7",119,53,122,8640,20,34,103,120205,0,0,0,0,0,0,0,0,0,"29,7 N","28,8 N","3","14"
"663c18e7e59a1b9e6d48b6f3",90,450,2517,195865,0,51,574,1782755,0,0,0,0,0,0,0,0,0,"319,7 N","1.152","3","14"
"663c18e7e59a1b9e6d48b6ef",1098,1233,4104,680372,4,4,171,14018,0,0,0,0,0,0,0,0,0,"10,3 N","9.598","3","14"
"663c18e7e59a1b9e6d48b6eb",38,174,1129,144135,13,0,1,1062,0,0,0,0,0,0,0,0,0,"43,1 Tr","684","3","14"
"663c18e7e59a1b9e6d48b6e7",53,2474,12048,242617,742,393,3657,1833933,0,0,0,0,0,0,0,0,0,"541,8 N","194","3","14"
"663c0c361935dc5285a348c9",14,49,128,1984,2,5,8,59,0,0,0,0,0,0,0,0,0,"46,8 N","41,7 N","39","39"
"663c0c361935dc5285a348c2",11,0,0,13,148,179,2166,5023870,0,0,0,0,0,0,0,0,0,"173","221","39","39"
"663c0bdd1935dc5285a348b7",41,561,2165,80,207,133,2262,6827277,0,0,0,0,0,0,0,0,0,"300,8 N","1.322","3","14"
"663c0bdd1935dc5285a348b3",45,269,880,19,17835,9408,82167,235566321,0,0,0,0,0,0,0,0,0,"300,8 N","1.322","3","14"
"663c0bdd1935dc5285a348af",163,149,288,18810,6,8,19,1356,0,0,0,0,0,0,0,0,0,"6.387","5.627","3","14"
"663c0bdc1935dc5285a348a3",23,7,7,3586,32,24,346,2085528,0,0,0,0,0,0,0,0,0,"676,8 N","2.264","3","14"
"663c0bdc1935dc5285a3489f",48,29,24,7752,18,34,106,161081,0,0,0,0,0,0,0,0,0,"676,8 N","2.264","3","14"
"663c0bdc1935dc5285a3489b",18,93,162,19145,12,8,43,115355,0,0,0,0,0,0,0,0,0,"13,2 N","1","3","14"
"663c081f1935dc5285a3488e",63,56,158,18268,0,3,3,440,0,0,0,0,0,0,0,0,0,"511,9 N","1.086","39","39"
"663c081f1935dc5285a3488a",127,412,1996,159463,9,21,142,66404,0,0,0,0,0,0,0,0,0,"11,3 Tr","685","39","39"
"663c081f1935dc5285a34886",22,15,57,6194,14,35,115,170738,0,0,0,0,0,0,0,0,0,"4.174","2.626","39","39"
"663c081e1935dc5285a34882",44,69,386,48112,270,488,2512,4360999,0,0,0,0,0,0,0,0,0,"5.630","638","39","39"
"663c081e1935dc5285a3487b",11,26,100,3,0,4,22,94936,0,0,0,0,0,0,0,0,0,"27,4 N","7.451","39","39"
"663c04c01935dc5285a3486e",18,39,31,2094,37,23,314,927065,0,0,0,0,0,0,0,0,0,"","","39","39"
"663c04c01935dc5285a3486a",30,250,436,0,154,210,2587,4287865,0,0,0,0,0,0,0,0,0,"","","39","39"
"663c04c01935dc5285a34866",16,61,101,13130,0,0,0,48,0,0,0,0,0,0,0,0,0,"539,6 N","428","39","39"
"663c045e1935dc5285a3485e",105,1612,1731,93,19,656,695,30,0,0,0,0,0,0,0,0,0,"850","2.245","39","39"
"663c045e1935dc5285a3485a",29,168,218,4,7,40,63,4,0,0,0,0,0,0,0,0,0,"20,2 N","5.005","39","39"
"663c045d1935dc5285a34856",183,104,202,18609,0,5,16,180,0,0,0,0,0,0,0,0,0,"26,8 N","6.226","39","39"
"663c045d1935dc5285a34852",16,283,319,8267,109,69,1616,5026881,0,0,0,0,0,0,0,0,0,"20,2 N","5.005","39","39"
"663c045d1935dc5285a3484e",35,399,903,35177,57,25,381,1421668,0,0,0,0,0,0,0,0,0,"140,2 N","797","39","39"
"663c045d1935dc5285a3484a",42,50,106,2,16,23,348,1409210,0,0,0,0,0,0,0,0,0,"20,2 N","5.005","39","39"
"663bff2a1935dc5285a34843",43,78,889,17289,8,8,81,180664,0,0,0,0,0,0,0,0,0,"61,6 N","3.566","39","39"
"663bff2a1935dc5285a3483f",102,54,105,33854,21,18,281,1016649,0,0,0,0,0,0,0,0,0,"6,4 Tr","344","39","39"
"663bff2a1935dc5285a3483b",38,55,137,17182,2,3,132,617623,0,0,0,0,0,0,0,0,0,"29,2 N","1.090","39","39"
"663bff291935dc5285a34837",54,2234,6584,116,2,136,542,14,0,0,0,0,0,0,0,0,0,"1,1 Tr","508","39","39"
"663bff291935dc5285a34833",23,254,1077,33529,0,3,141,583685,0,0,0,0,0,0,0,0,0,"4.243","2.510","39","39"
"663bfebb1935dc5285a3482e",461,247,1516,21134,0,4,22,92872,0,0,0,0,0,0,0,0,0,"25,4 N","7.611","39","39"
"663bfebb1935dc5285a3482a",11,86,119,7535,5,17,88,308180,0,0,0,0,0,0,0,0,0,"13,9 N","4.018","39","39"
"663bfebb1935dc5285a34826",15,53,181,2472,15,8,51,96308,0,0,0,0,0,0,0,0,0,"8.602","182","39","39"
"663bfeba1935dc5285a34822",2507,19983,76700,6451128,22,228,1996,101192,0,0,0,0,0,0,0,0,0,"484,4 N","2.765","39","39"
"663bfeba1935dc5285a3481e",47,107,299,13415,164,111,1847,4936164,0,0,0,0,0,0,0,0,0,"22,1 N","10,8 N","39","39"
"663bfeba1935dc5285a3481a",82,959,1686,40312,6,56,130,3444,0,0,0,0,0,0,0,0,0,"350 N","20 N","39","39"
"663bfeb91935dc5285a34816",300,1101,3068,147969,15,14,273,4709,0,0,0,0,0,0,0,0,0,"1,2 Tr","4.376","39","39"
"663bb071e7ec6709e1c2f9d7",26,143,1040,32925,1,0,3,564,0,0,0,0,0,0,0,0,0,"6,089","594","0","30"
"663bb02ae7ec6709e1c2f9c0",15,1,51,679,42,86,1109,3152543,0,0,0,0,0,0,0,0,0,"11,9 N","2.188","39","39"
"663b3174f27dfb47fc32e11d",25,29,224,4005,1,0,1,67,0,0,0,1,0,0,0,0,0,"885","166","2","1"
"663b3174f27dfb47fc32e119",22,91,738,13394,2,0,3,319,0,0,0,4,11,0,0,0,0,"5.205","121","39","39"
"663b3174f27dfb47fc32e115",12,26,168,3071,76,192,1927,7676866,0,0,0,0,0,0,0,0,0,"5.205","121","39","39"
"663b313ff27dfb47fc32e10e",51,31,244,53494,117,120,1984,0,0,0,0,0,0,0,0,0,0,"13,4 N","2.546","39","39"
"663b313ff27dfb47fc32e10a",24,6,79,1369,90,111,689,2323128,0,0,0,0,0,0,0,0,0,"8.755","8.365","39","39"
"663b313ff27dfb47fc32e106",22,4,42,874,265,26,1126,1549545,0,0,0,0,0,0,0,0,0,"1.199","528","39","39"
"663b313ff27dfb47fc32e102",33,468,1764,17460,1,31,120,977,0,0,0,0,0,0,0,0,0,"57,2 N","282","39","39"
"663b313ff27dfb47fc32e0fe",22,9,68,1260,76,272,3322,12663741,0,0,0,0,0,0,0,0,0,"8.755","8.365","39","39"
"663b26a65c43cd15fadc8b1f",29,1153,4500,58870,2,5,78,123241,0,0,0,0,0,0,0,0,0,"568,4 N","64,5 N","39","39"
"663b26a55c43cd15fadc8b1b",12,50,696,32718,738,391,3661,1809808,0,0,0,0,0,0,0,0,0,"38,4 N","294","39","39"
"663b26a55c43cd15fadc8b17",26,826,3987,253117,1,2,66,14581,0,0,0,1,0,0,0,0,0,"19,6 N","548","39","39"
"663b26a55c43cd15fadc8b10",30,22,64,1376,3,1,3,107,0,0,0,0,0,0,0,0,0,"1.873","1.831","39","39"
"663b17fe5c43cd15fadc8ae5",99,1570,22875,3237532,17,28,331,666673,0,0,0,0,0,0,0,0,0,"2 Tr","215","39","39"
"663b17fe5c43cd15fadc8ae1",67,2426,6019,133963,250,78,1838,0,0,0,0,1,0,0,0,0,0,"1,2 Tr","509","39","39"
"663b17fe5c43cd15fadc8add",394,1957,4504,356068,21,41,838,15730,0,0,0,0,0,0,0,0,0,"36,6 N","1.890","39","39"
"663b17fe5c43cd15fadc8ad9",204,1808,9242,2538859,7,8,306,19974,0,0,0,0,0,0,0,0,0,"2.932","2.828","39","39"
"663b17fe5c43cd15fadc8ad5",16,42,63,771,1,2,22,32084,0,0,0,0,0,0,0,0,0,"2.105","1.636","39","39"
"663b17fd5c43cd15fadc8ad1",12,146,868,9158,1075,684,5611,2756421,0,0,0,0,0,0,0,0,0,"32,2 N","145","39","39"
"663b17fd5c43cd15fadc8acd",52,1383,15375,5631373,1075,684,5611,2756421,0,0,0,0,0,0,0,0,0,"2 Tr","215","39","39"
"663b17fd5c43cd15fadc8ac9",55,275,3639,1866000,10,7,38,69450,0,0,0,0,0,0,0,0,0,"2,2 Tr","6.068","39","39"
"663b17fd5c43cd15fadc8ac5",17,16,30,804,0,2,133,519431,0,0,0,0,0,0,0,0,0,"2.259","2.097","39","39"
"663b17fd5c43cd15fadc8ac1",20,75,244,10997,2,0,5,261,0,0,0,1,0,0,0,0,0,"55,2 N","3.403","39","39"
"663b045dd7b0e478e4e4509f",89,58,685,194331,33,14,327,1554689,0,0,0,0,0,0,0,0,0,"3,3 Tr","342","3","14"
"663b045dd7b0e478e4e4509b",51,916,11406,138145,0,4,33,1222,0,0,0,0,0,0,0,0,0,"3,8 Tr","525","3","14"
"663b045dd7b0e478e4e45097",20,126,1165,48759,0,0,2,131,0,0,0,0,0,0,0,0,0,"3,8 Tr","525","3","14"
"663b045dd7b0e478e4e45093",21,99,1416,45087,0,0,1,133,0,0,0,0,0,0,0,0,0,"3,8 Tr","525","3","14"
"663b045cd7b0e478e4e4508f",21,52,146,146,17798,9093,81389,231424708,0,0,0,0,0,0,0,0,0,"52 N","1.288","3","14"
"663b045cd7b0e478e4e4508b",76,139,606,4,903,478,3809,1657354,0,0,0,0,0,0,0,0,0,"146,4 N","305","3","14"
"663b045cd7b0e478e4e45087",42,247,853,6,0,5,28,28,0,0,0,0,0,0,0,0,0,"173,6 N","1.957","3","14"
"663b045cd7b0e478e4e45080",27,50,72,5968,147,91,1649,4251797,0,0,0,0,0,0,0,0,0,"18,5 N","53","3","14"
"663b045cd7b0e478e4e4507c",75,346,1027,4,23,13,216,1265691,0,0,0,0,0,0,0,0,0,"179,8 N","260","3","14"
"663afe82d7b0e478e4e45073",11,49,244,5588,0,2,132,512831,0,0,0,0,0,0,0,0,0,"251","275","39","39"
"663afe82d7b0e478e4e4506f",20,34,94,2987,35,12,256,1888343,0,0,0,0,0,0,0,0,0,"908","844","39","39"
"663afe81d7b0e478e4e4505c",12,18,192,9438,17796,9096,81379,231354441,0,0,0,1,0,0,0,0,0,"949","814","39","39"
"663afe81d7b0e478e4e45055",13,27,42,2415,2,1,6,157,0,0,0,0,0,0,0,0,0,"21 N","11 N","39","39"
"663afe81d7b0e478e4e45051",28,197,201,2689,0,0,0,1,0,0,0,0,0,0,0,0,0,"1,990","19","2","1"
"663afe81d7b0e478e4e4504d",15,13,94,600,1,0,1,11,0,0,0,1,0,0,0,0,0,"5,879","4,426","2","1"
"663ac328ce2c85c0a9879b5d",26,13,28,28,535,704,12646,20618805,0,0,0,0,0,0,0,0,0,"14,3 N","20","3","14"
"663ac328ce2c85c0a9879b59",61,35,58,58,10,18,58,91323,0,0,0,0,0,0,0,0,0,"14,3 N","20","3","14"
"663ac327ce2c85c0a9879b52",126,120,131,6352,90,147,602,1320682,0,0,0,0,0,0,0,0,0,"1.134","135","3","14"
"663ac327ce2c85c0a9879b4e",21,71,425,14460,265,24,1121,1542181,0,0,0,0,0,0,0,0,0,"64,7 N","10,4 N","3","14"
"663ac327ce2c85c0a9879b4a",14,0,23,844,21,17,261,945725,0,0,0,0,0,0,0,0,0,"606","84","3","14"
"663ac327ce2c85c0a9879b46",15,16,18,1219,10,7,33,60080,0,0,0,0,0,0,0,0,0,"5.071","0","3","14"
"663ac327ce2c85c0a9879b42",44,23,312,3424,1,0,2,28,0,0,0,0,0,0,0,0,0,"15,2 N","112","3","14"
"663ac326ce2c85c0a9879b3e",33,34,54,1317,1,0,2,56,0,0,0,0,0,0,0,0,0,"1.665","913","3","14"
"663ac326ce2c85c0a9879b3a",31,22,45,4068,11,16,51,96779,0,0,0,0,0,0,0,0,0,"5.754","5.886","3","14"
"663ac326ce2c85c0a9879b36",28,94,175,42770,51,23,348,1289113,0,0,0,0,0,0,0,0,0,"88,6 N","168","3","14"
"663ac326ce2c85c0a9879b32",18,81,407,57428,16,21,333,1342417,0,0,0,0,3,0,0,0,0,"1.962","2.151","3","14"
"663ac325ce2c85c0a9879b2e",14,33,186,10823,59,37,1048,3329034,0,0,0,0,0,0,0,0,0,"3.802","1.284","3","14"
"663ac325ce2c85c0a9879b2a",31,143,1132,520074,19,14,186,738897,0,0,0,0,0,0,0,0,0,"50","163","3","14"
"663ac324ce2c85c0a9879b26",14,18,47,8690,36,21,292,872702,0,0,0,0,0,0,0,0,0,"2.157","856","3","14"
"663ac324ce2c85c0a9879b1f",194,188,202,8240,1072,673,5562,2693814,0,0,0,0,0,0,0,0,0,"12 N","334","3","14"
"663ac324ce2c85c0a9879b1b",30,224,1047,228557,107,69,1583,4910211,0,0,0,0,0,0,0,0,0,"686","803","3","14"
"663ab9ece941ce314951084e",19,18,158,19113,1,7,37,4926,0,0,0,0,0,0,0,0,0,"19,6 N","2.009","3","14"
"663ab9ebe941ce314951084a",25,17,85,5649,13,19,202,446277,0,0,0,0,0,0,0,0,0,"76 N","1.251","3","14"
"663ab9ebe941ce3149510846",25,40,73,5876,0,0,0,0,0,0,0,0,0,0,0,0,0,"26,9 N","954","3","14"
"663ab9ebe941ce3149510842",45,16,167,3893,0,0,2,65,0,0,0,0,0,0,0,0,0,"33,2 N","5.432","3","14"
"663ab9ebe941ce314951083e",161,33,409,87730,11,5,28,4882,0,0,0,0,0,0,0,0,0,"8.873","5.976","3","14"
"663ab9ebe941ce314951083a",19,58,530,30953,0,2,20,2176,0,0,0,0,0,0,0,0,0,"280,6 N","417","3","14"
"663ab9ebe941ce3149510836",13,42,152,36252,1,0,1,461,0,0,0,0,0,0,0,0,0,"6,2 Tr","4.880","3","14"
"663ab9ebe941ce3149510832",13,4,16,513,1,0,1,32,0,0,0,0,0,0,0,0,0,"4.648","4.366","3","14"
"663ab9ebe941ce314951082e",15,29,94,33312,0,0,1,489,0,0,0,0,0,0,0,0,0,"6,2 Tr","4.880","3","14"
"663ab9ebe941ce314951082a",18,51,1120,13345,31,19,311,1864624,0,0,0,0,0,0,0,0,0,"1,4 Tr","119","3","14"
"663ab9eae941ce3149510826",78,2948,59622,512625,1,0,88,3936,0,0,0,1,0,0,0,0,0,"208,3 N","20","3","14"
"663ab9eae941ce3149510822",24,13,88,9746,144,91,1624,4084556,0,0,0,11,0,0,0,0,0,"112","215","3","14"
"663ab9eae941ce314951081e",178,1298,34607,1539909,265,24,1121,1541919,0,0,0,2,0,0,0,0,0,"4,2 Tr","0","3","14"
"663ab9eae941ce314951081a",268,667,20220,1071454,51,23,347,1286504,0,0,0,0,0,0,0,0,0,"4,2 Tr","0","3","14"
"663ab9eae941ce3149510816",276,5264,55845,965861,51,93,1778,81821,0,0,0,0,0,0,0,0,0,"3,9 Tr","577","3","14"
"663ab9eae941ce3149510812",37,847,4888,83553,1,0,14,2581,0,0,0,1,0,0,0,0,0,"2.634","1.611","3","14"
"663ab9eae941ce314951080e",183,3487,93071,3048541,2,15,421,8999,0,0,0,2,0,0,0,0,0,"4,2 Tr","0","3","14"
"663ab9eae941ce314951080a",67,921,10258,282986,16,21,333,1342091,0,0,0,0,0,0,0,0,0,"623,4 N","878","3","14"
"663a5ea7889a7bf150a00056",19,22,107,4745,1,0,1,54,0,0,0,0,0,0,0,0,0,"","","39","39"
"663a5ea7889a7bf150a00052",116,211,426,212809,62,142,1305,2190743,0,0,0,1,0,0,0,0,0,"36,5 N","4.732","39","39"
"663a5ea6889a7bf150a0004e",26,50,275,7322,729,386,3597,1789247,0,0,0,2,3,0,0,0,0,"5.380","145","39","39"
"663a5785889a7bf150a0002c",982,1559,1793,92818,583,666,531,14139,0,0,0,0,0,0,0,0,0,"1,4 Tr","802","3","14"
"663a5785889a7bf150a00028",27,0,31,641,60,139,1276,2150110,0,0,0,0,0,0,0,0,0,"892","760","3","14"
"663a5785889a7bf150a00024",26,0,25,462,1,0,1,46,0,0,0,0,0,0,0,0,0,"1.087","317","3","14"
"663a5784889a7bf150a00020",210,865,785,154765,17,14,72,341973,0,0,0,0,0,0,0,0,0,"106,5 N","52,6 N","3","14"
"663a5784889a7bf150a00019",72,529,1255,99052,3,6,19,52873,0,0,0,0,0,0,0,0,0,"33,3 N","693","3","14"
"663a5784889a7bf150a00015",68,680,2133,209559,6,15,56,60669,0,0,0,0,0,0,0,0,0,"33,3 N","693","3","14"
"663a5784889a7bf150a00011",92,723,1971,139618,21,9,175,1065514,0,0,0,0,0,0,0,0,0,"33,3 N","693","3","14"
"663a5784889a7bf150a0000d",152,452,2765,200470,0,2,124,479649,0,0,0,0,0,0,0,0,0,"70","103","3","14"
"663a5784889a7bf150a00009",100,1430,4042,1951508,23,13,209,1209223,0,0,0,1,0,0,0,0,0,"1.598","205","3","14"
"663a5784889a7bf150a00005",18,49,2245,76015,35,25,355,2156174,0,0,0,0,0,0,0,0,0,"1,2 Tr","942","3","14"
"663a5783889a7bf150a00001",12,11,513,60398,0,0,90,3193,0,0,0,1,0,0,0,0,0,"39,6 N","479","3","14"
"663a5783889a7bf1509ffffd",13,0,15,1263,48,23,342,1255569,0,0,0,0,0,0,0,0,0,"1.009","1.159","3","14"
"663a5783889a7bf1509ffff9",989,497,5401,1492491,13,20,1612,25332,0,0,0,1,0,0,0,0,0,"12,1 N","4.421","3","14"
"663a5783889a7bf1509ffff5",66,96,214,11947,13,22,405,1381043,0,0,0,1,0,0,0,0,0,"17,4 N","41","3","14"
"663a5783889a7bf1509ffff1",53,120,1453,75691,0,1,44,1909,0,0,0,0,0,0,0,0,0,"267,1 N","1.786","3","14"
"663a5783889a7bf1509fffed",25,22,123,19544,36,21,296,861655,0,0,0,1,0,0,0,0,0,"281","55","3","14"
"663a5783889a7bf1509fffe9",25,1,21,1686,2,0,2,35,0,0,0,1,0,0,0,0,0,"3.604","3.341","3","14"
"663a5783889a7bf1509fffe5",10,0,0,231,0,0,0,11,0,0,0,0,0,0,0,0,0,"6.400","3.127","3","14"
"663a4d3e023686d84d4b3f30",9,21,108,6845,76,139,575,1198662,0,0,0,0,0,0,0,0,0,"466 N","55","3","14"
"663a4d3e023686d84d4b3f2c",16,17,40,18151,21,9,175,1062895,0,0,0,1,0,0,0,0,0,"1,8 Tr","838","3","14"
"663a4d3e023686d84d4b3f28",14,37,85,44420,1,0,6,3937,0,0,0,1,0,0,0,0,0,"466 N","55","3","14"
"663a4d3e023686d84d4b3f24",35,4,16,3902,0,0,0,52,0,0,0,2,0,0,0,0,0,"32,1 N","330","3","14"
"663a4d3e023686d84d4b3f20",17,150,569,19499,5,0,0,1513,0,0,0,0,0,0,0,0,0,"32,1 N","330","3","14"
"663a4d3e023686d84d4b3f1c",54,75,618,46269,1,0,18,1030,0,0,0,1,0,0,0,0,0,"215,3 N","851","3","14"
"663a4d3e023686d84d4b3f18",100,71,504,102871,30,3,180,6223,0,0,0,6,0,0,0,0,0,"1.692","4.891","3","14"
"663a4d3e023686d84d4b3f14",51,11,95,42694,9855,9043,72990,228640070,0,0,0,0,0,0,0,0,0,"3,3 Tr","98","3","14"
"663a4d3d023686d84d4b3f10",18,7,39,4730,728,386,3604,1787411,0,0,0,2,0,0,0,0,0,"142,3 N","173","3","14"
"663a4d3d023686d84d4b3f0c",68,8,64,45885,118,79,1483,3536792,0,0,0,0,0,0,0,0,0,"3,3 Tr","98","3","14"
"663a4d3d023686d84d4b3f08",27,85,664,67752,4,14,35,65350,0,0,0,0,0,0,0,0,0,"159,7 N","161","3","14"
"663a4d3d023686d84d4b3f04",12,3,53,15391,6,14,54,58749,0,0,0,0,0,0,0,0,0,"22,2 N","6.520","3","14"
"663a4d3d023686d84d4b3f00",51,9,128,45350,22,7,163,1014247,0,0,0,0,0,0,0,0,0,"3,3 Tr","98","3","14"
"663a4d3d023686d84d4b3efc",47,38,927,226825,58,126,1215,2086921,0,0,0,0,0,0,0,0,0,"1,7 Tr","147","3","14"
"663a4d3d023686d84d4b3ef8",21,60,819,62830,0,0,3,1001,0,0,0,1,0,0,0,0,0,"9,8 Tr","183","3","14"
"663a4d3c023686d84d4b3ef4",26,85,1236,151315,6,0,154,6826,0,0,0,1,0,0,0,0,0,"159,7 N","161","3","14"
"663a440139c4f63021042bc1",31,1,42,1020891,56,119,1165,2028619,0,0,0,0,0,0,0,0,0,"2.381","1.656","3","14"
"663a440139c4f63021042bbd",892,593,257,10095,6,12,40,62004,0,0,0,1,0,0,0,0,0,"153,6 N","66","3","14"
"663a440139c4f63021042bb9",45,0,48,777,1,0,1,18,0,0,0,0,0,0,0,0,0,"2.119","1.989","3","14"
"663a440139c4f63021042bb5",18,0,17,346,1,0,1,10,0,0,0,0,0,0,0,0,0,"1.292","1.427","3","14"
"663a440139c4f63021042bb1",24,0,32,3210,1,0,1,18,0,0,0,1,0,0,0,0,0,"2.478","3.352","3","14"
"663a440139c4f63021042bad",89,151,355,40162,7,0,32,2778,0,0,0,0,0,0,0,0,0,"2.881","2.091","3","14"
"663a440139c4f63021042ba9",74,687,6745,80283,2,0,6,1431,0,0,0,1,0,0,0,0,0,"51,5 N","129","3","14"
"663a440139c4f63021042ba5",22,84,495,20907,0,0,9,227,0,0,0,1,0,0,0,0,0,"348","284","3","14"
"663a440039c4f63021042ba1",18,17,22,2807,1,0,1,19,0,0,0,0,0,0,0,0,0,"1.181","131","3","14"
"663a440039c4f63021042b9d",22,223,1405,38513,58,7,206,1031886,0,0,0,0,0,0,0,0,0,"1,4 Tr","61","3","14"
"663a3d5bc61186d6fe0f2cbb",19,143,64,10443,0,2,121,470432,0,0,0,53,0,0,0,0,0,"4.851","47","3","14"
"663a3d5bc61186d6fe0f2cb7",12,35,549,23635,5,14,49,54085,0,0,0,4,0,0,0,0,0,"502,6 N","585","3","14"
"663a3d5bc61186d6fe0f2cb3",40,104,362,339438,2,4,18,40705,0,0,0,71,0,0,0,0,0,"1.939","777","3","14"
"663a3d5bc61186d6fe0f2caf",683,750,732,27231,2,0,1,234,0,0,0,0,0,0,0,0,0,"8.720","151","3","14"
"663a3d5ac61186d6fe0f2cab",14,14,19,5130,19,2,8,1318,0,0,0,1,0,0,0,0,0,"19","2","3","14"
"663a3d5ac61186d6fe0f2ca7",119,321,3645,176103,114,79,1471,3496563,0,0,0,7,0,0,0,0,0,"2,5 Tr","573","3","14"
"663a3d5ac61186d6fe0f2ca3",47,868,646,46742,11,1,31,2506,0,0,0,2,0,0,0,0,0,"2.118","28","3","14"
"663a3d5ac61186d6fe0f2c9f",26,272,196,15134,0,0,0,103,0,0,0,10,0,0,0,0,0,"1.608","945","3","14"
"663a3d5ac61186d6fe0f2c9b",25,236,236,18426,0,3,143,587310,0,0,0,1,0,0,0,0,0,"1.512","996","3","14"
"663a3d5ac61186d6fe0f2c97",57,253,1020,45296,65,24,902,1531814,0,0,0,4,0,0,0,0,0,"897,6 N","181","3","14"
"663a3d59c61186d6fe0f2c93",60,188,3622,134210,22,7,163,1010675,0,0,0,0,0,0,0,0,0,"931","441","3","14"
"663a3d59c61186d6fe0f2c8f",54,14,21,2477,114,79,1471,3495560,0,0,0,2,0,0,0,0,0,"1.091","460","3","14"
"663a3d59c61186d6fe0f2c8b",16,170,777,7946,1,0,6,171,0,0,0,0,0,0,0,0,0,"212","244","3","14"
"663a3d59c61186d6fe0f2c87",287,729,4377,265372,4,19,363,15170,0,0,0,0,0,0,0,0,0,"625,1 N","1.227","3","14"
"663a3d59c61186d6fe0f2c83",578,1028,8306,824773,55,112,1131,1981056,0,0,0,0,0,0,0,0,0,"10,7 Tr","705","3","14"
"663a3d59c61186d6fe0f2c7f",45,23,82,6624,1049,664,5533,2656772,0,0,0,0,0,0,0,0,0,"1.598","2.545","3","14"
"663a3d58c61186d6fe0f2c7b",32,7,67,658,1,0,1,3,0,0,0,0,0,0,0,0,0,"26,6 N","19,4 N","3","14"
"663a3d58c61186d6fe0f2c77",34,14,61,2791,48,23,339,1243197,0,0,0,4,0,0,0,0,0,"12,1 N","11,8 N","3","14"
"663a3d58c61186d6fe0f2c73",306,3438,36481,3811107,48,16,1054,2002097,0,0,0,1,0,0,0,0,0,"5.640","730","3","14"
"663a3d58c61186d6fe0f2c6f",214,2685,26817,927204,4,39,587,21960,0,0,0,1,0,0,0,0,0,"43,1 Tr","684","3","14"
"663a3d57c61186d6fe0f2c6b",37,1453,7125,220944,18,34,107,163206,0,0,0,0,0,0,0,0,0,"35 N","63","3","14"
"6638f322914745e26c284a36",10,27,32,615,3183,638,5501,122836,0,0,1,10,0,0,0,0,0,"46,8 N","41,7 N","39","39"
"6638f322914745e26c284a32",12,12,51,1416,20,7,152,947135,0,0,0,0,0,0,0,0,0,"10,8 N","202","39","39"
"6638f322914745e26c284a2e",17,44,95,2058,5,5,39,504,0,0,0,5,0,0,0,0,0,"46,8 N","41,7 N","39","39"
"6638f322914745e26c284a2a",20,6,20,1546,59,123,532,911993,0,0,0,2,0,0,0,0,0,"1.885","0","39","39"
"6638f291914745e26c2849e0",17,61,170,7819,13,23,78,188431,0,0,0,9,0,0,0,0,0,"92,6 N","1.891","3","14"
"6638f291914745e26c2849d8",42,106,206,3163,58,23,888,1509694,0,0,0,1,0,0,0,0,0,"20,7 N","12,2 N","3","14"
"6638f291914745e26c2849d4",14,127,119,1823,279,57,587,701771,0,0,0,3,0,0,0,0,0,"4.468","4.666","3","14"
"6625a74c914745e26c27be06",16,23,77,14800,1,0,3,290,1,0,0,19,0,0,0,0,0,"25,2 N","12,5 N","39","39"
"6625a74c914745e26c27be02",22,27,407,78354,0,0,17,2967,0,0,2,45,0,0,0,0,0,"4.222","5.017","39","39"
"6625a74c914745e26c27bdfe",15,10,69,3830,6,8,70,137034,0,0,0,5,0,0,0,0,0,"16,5 N","340","39","39"
"6625a74c914745e26c27bdfa",18,61,232,6490,0,6,12,1307,0,0,1,3,0,0,0,0,0,"34 N","76","39","39"
"6625a74c914745e26c27bdf6",84,107,356,9544,1,0,15,169,0,0,0,6,0,0,0,0,0,"640","121","39","39"
"6625a336a3b3303fbcc9223d",44,46,111,2,4,3,13,13,0,0,0,50,0,0,0,0,0,"19,6 N","5.000","39","39"
"6625a336a3b3303fbcc92236",28,101,333,2,37,46,955,1745502,0,0,0,49,0,0,0,0,0,"10,3 N","878","39","39"
"661f994e914745e26c2799cb",13,1,41,41,0,4,22,94972,0,0,0,54,0,0,0,0,0,"1.335","1.604","39","39"
"661f994e914745e26c2799c7",19,262,1031,30293,1,1,16,484,0,0,0,71,0,0,0,0,0,"41,6 N","881","39","39"
"661f9907914745e26c2799c2",31,180,364,7027,276,281,3497,13338226,0,0,0,48,0,0,0,0,0,"61 N","18,3 N","39","39"
"661f9907914745e26c2799be",19,20,110,1790,3,1,11,162,0,0,0,70,0,0,0,0,0,"33,5 N","828","39","39"
"661f9907914745e26c2799ba",609,2464,4449,167066,12,199,386,12610,0,0,0,63,0,0,0,0,0,"409 N","343","39","39"
"661f9907914745e26c2799b6",90,2436,5068,154907,276,281,3497,13338226,0,0,0,120,0,0,0,0,0,"409 N","343","39","39"
"661f9907914745e26c2799b2",56,367,1135,32914,1,3,20,573,0,0,0,59,0,0,0,0,0,"56,5 N","702","39","39"
"661f9907914745e26c2799ae",66,8,63,4759,1,0,0,252,0,0,0,62,0,0,0,0,0,"979","963","39","39"
"661f8fe5914745e26c27994d",26,143,3055,68137,0,1,36,4979,0,0,0,54,0,0,0,0,0,"81,2 N","37","39","39"
"661f8899914745e26c279904",19,105,348,4626,0,0,0,91,0,0,0,90,0,0,0,0,0,"1.438","423","39","39"
"661f8899914745e26c279900",11,33,273,4251,0,0,1,3,0,0,1,58,0,0,0,0,0,"5.092","121","39","39"
"661f8899914745e26c2798fc",57,1289,7243,145053,7,3,17,2044,0,0,0,68,0,0,0,0,0,"50,5 N","307","39","39"
"661f8862914745e26c2798f7",46,204,755,35506,33,14,337,1572749,0,0,0,56,0,0,0,0,0,"106,8 N","91,5 N","39","39"
"661f8862914745e26c2798f3",38,19,75,1227,1,0,4,43,0,0,0,59,0,0,0,0,0,"2.099","1.891","39","39"
"661f8862914745e26c2798ec",23,626,4846,139813,0,1,22,433,0,0,0,64,0,0,0,0,0,"14,2 N","9.204","39","39"
"661f81de914745e26c2798dd",28,1308,13143,202113,1,6,134,2934,0,0,0,53,0,0,0,0,0,"13,4 N","754","39","39"
"661f81de914745e26c2798d9",13,225,1386,30918,2,0,11,320,0,0,1,56,0,0,0,0,0,"58,3 N","3.872","39","39"
"661f81de914745e26c2798d5",30,2136,13625,402058,0,1,13,2977,0,0,0,72,0,0,0,0,0,"21,3 N","148","39","39"
"661f81de914745e26c2798d1",57,3376,19246,522607,1,23,931,27209,0,0,0,58,0,0,0,0,0,"16,8 N","974","39","39"
"661f81de914745e26c2798cd",49,229,3012,201834,4,2,226,9387,0,0,0,63,0,0,0,0,0,"63,5 N","2.254","39","39"
"661f786a914745e26c27982f",52,9993,42031,419652,1,0,67,1645,0,0,0,67,0,0,0,0,0,"112,6 N","1.078","39","39"
"661f786a914745e26c27982b",12,70,931,72250,1,0,92,1621,0,0,0,73,0,0,0,0,0,"17,2 N","2.461","39","39"
"661f786a914745e26c279827",20,84,2021,376278,0,0,74,7826,0,0,0,58,0,0,0,0,0,"109,7 N","408","39","39"
"661f51b36f4ac4cf5e3f68dd",16,4,26,1011,1,0,1,6,0,0,0,55,0,0,0,0,0,"4.397","2.145","3","14"
"661f51b36f4ac4cf5e3f68d9",14,15,72,72,1,0,2,2,0,0,0,55,0,0,0,0,0,"8.030","500","3","14"
"661f4d696f4ac4cf5e3f68c3",48,25,384,384,23,14,212,1263696,0,0,0,51,0,0,0,0,0,"261,6 N","2.598","39","39"
"661f4d696f4ac4cf5e3f68bf",15,15,63,2249,22,37,625,0,0,0,0,67,0,0,0,0,0,"6.006","1.647","39","39"
"661f4d696f4ac4cf5e3f68b8",60,7137,32191,933802,0,0,45,6543,0,0,0,54,0,0,0,0,0,"4.828","164","39","39"
"661f4a046f4ac4cf5e3f68b1",28,8,90,15705,1,0,5,222,0,0,1,59,0,0,0,0,0,"11,6 N","927","3","14"
"661f4a046f4ac4cf5e3f68ad",12,6,63,6702,16,3,64,15122,0,0,1,127,0,0,0,0,0,"6.928","0","3","14"
"661f4a046f4ac4cf5e3f68a9",103,87,724,67637,5,2,132,7123,0,0,0,82,0,0,0,0,0,"33,3 N","185","3","14"
"661f4a046f4ac4cf5e3f68a5",19,0,89,3667,3,0,3,109,0,0,0,1,0,0,0,0,0,"2.326","1.901","3","14"
"661f4a046f4ac4cf5e3f68a1",96,11,102,23677,1,0,1,13,0,0,0,60,0,0,0,0,0,"2.320","2.104","3","14"
"661f45f36f4ac4cf5e3f689a",48,22,313,120915,1,0,1,175,0,0,0,50,0,0,0,0,0,"12,1 Tr","38","3","14"
"661f45f36f4ac4cf5e3f6896",34,98,488,128358,3,8,24,17007,0,0,0,87,0,0,0,0,0,"6,2 Tr","4.879","3","14"
"661f45f36f4ac4cf5e3f6892",28,411,6570,325413,0,0,24,1171,0,0,0,171,0,0,0,0,0,"437","103","3","14"
"661f45f26f4ac4cf5e3f688e",611,4979,53344,2750777,4,58,935,57953,0,0,0,63,0,0,0,0,0,"3,9 Tr","578","3","14"
"661f45f26f4ac4cf5e3f688a",14,209,2136,29775,0,0,8,599,0,0,0,364,0,0,0,0,0,"41,1 N","1.221","3","14"
"661f45f26f4ac4cf5e3f6886",1604,26903,206984,6548470,8,85,3616,137949,0,0,0,47,0,0,0,0,0,"4,2 Tr","0","3","14"
"661f45f26f4ac4cf5e3f6882",99,205,1920,249152,4,2,202,5760,0,0,0,60,0,0,0,0,0,"358,5 N","878","3","14"
"661f45f26f4ac4cf5e3f687e",149,3527,39351,1044622,0,4,148,9569,0,0,0,58,0,0,0,0,0,"3,9 Tr","578","3","14"
"661f45f26f4ac4cf5e3f687a",268,3361,40215,2688158,0,11,227,19811,0,0,0,61,0,0,0,0,0,"4,2 Tr","0","3","14"
"661dfa00914745e26c27938d",43,16,241,241,1,0,2,2,0,0,1,59,0,0,0,0,0,"16,8 N","7.448","39","39"
"661dfa00914745e26c279389",32,115,436,5,1,1,31,31,0,0,0,67,0,0,0,0,0,"6.172","1.684","39","39"
"661dfa00914745e26c279385",44,47,307,15921,1,0,4,128,1,0,1,59,0,0,0,0,0,"16,5 N","1","39","39"
"661dfa00914745e26c279381",47,15,109,10603,1,0,4,363,1,0,1,61,0,0,0,0,0,"16,5 N","1","39","39"
"661dfa00914745e26c27937d",40,41,129,2527,18,17,189,188620,0,0,0,70,0,0,0,0,0,"11,5 N","11,5 N","39","39"
"661df26b11eedce6a4f644de",25,30,56,1,23,14,212,1263696,0,0,0,57,0,0,0,0,0,"417,8 N","154","39","39"
"661df26b11eedce6a4f644da",20,20,15,15,23,14,212,1263696,0,0,0,69,0,0,0,0,0,"105,3 N","141","39","39"
"661df26b11eedce6a4f644d0",50,207,782,56182,0,0,0,0,0,0,0,57,0,0,0,0,0,"1.560","193","39","39"
"661dedeb914745e26c279374",60,146,1452,109051,1,0,6,1482,0,0,0,54,0,0,0,0,0,"3 Tr","789","3","14"
"661dedeb914745e26c279370",68,584,6274,309860,9856,9040,73039,228811734,0,0,0,62,0,0,0,0,0,"12 N","334","3","14"
"661dedea914745e26c27936c",62,197,2134,131737,0,0,1,16,0,0,0,53,0,0,0,0,0,"4,7 Tr","972","3","14"
"661dedea914745e26c279368",78,438,3564,189965,2,0,1,2867,0,0,0,59,0,0,0,0,0,"11,6 N","451","3","14"
"661dedea914745e26c279364",199,348,5923,615616,41,3,114,17289,0,0,0,60,0,0,0,0,0,"309","891","3","14"
"661dea55914745e26c27935a",89,14,102,27961,2,0,0,140,0,0,0,52,0,0,0,0,0,"2,9 Tr","520","3","14"
"661dea55914745e26c279356",20,11,15,842,2,0,1,22,0,0,0,59,0,0,0,0,0,"18,1 N","33","3","14"
"661dea55914745e26c279352",63,51,657,101137,1,8,31,5279,0,0,0,66,0,0,0,0,0,"1 Tr","2.237","3","14"
"661dea54914745e26c27934e",172,25,601,154046,1,3,158,13766,0,0,0,64,0,0,0,0,0,"1 Tr","2.237","3","14"
"661dea54914745e26c27934a",9,0,27,8821,11,15,437,20646,0,0,0,84,0,0,0,0,0,"19,7 N","303","3","14"
"661dea54914745e26c279346",43,21,97,17185,1,0,0,124,0,0,0,57,0,0,0,0,0,"310,2 N","298","3","14"
"661dea54914745e26c279342",25,36,504,102749,1,1,9,791,0,0,0,120,0,0,0,0,0,"9,7 Tr","183","3","14"
"661de58c914745e26c27933d",47,12,1109,26901,0,0,11,139,0,0,0,64,0,0,0,0,0,"7.875","168","3","14"
"661de58c914745e26c279339",67,107,1314,258846,4,0,19,2574,0,0,0,76,0,0,0,0,0,"24,8 N","19","3","14"
"661de58c914745e26c279335",13,7,112,1303,1,0,1,21,1,0,1,64,0,0,0,0,0,"1.708","675","3","14"
"661de12266b656c5427e423a",36,45,1194,118053,1,0,40,6855,0,0,0,344,0,0,0,0,0,"67,3 N","5","3","14"
"661de12266b656c5427e4236",196,202,332,85368,3,3,5,89,0,0,1,68,0,0,0,0,0,"30,3 N","18","3","14"
"661de12266b656c5427e4232",205,1017,12663,970550,973,1154,10589,45111846,0,0,0,59,0,0,0,0,0,"52,6 N","1.057","3","14"
"661de12266b656c5427e422e",24,4,35,2078,973,1154,10589,45111846,0,0,0,64,0,0,0,0,0,"4.343","5.112","3","14"
"661de12266b656c5427e422a",14,324,1251,29550,0,0,4,290,0,0,1,124,0,0,0,0,0,"182,9 N","953","3","14"
"661de12166b656c5427e4226",25,180,1088,117968,0,2,8,1306,0,0,0,93,0,0,0,0,0,"27,2 N","587","3","14"
"661de12166b656c5427e4222",110,27,63,10577,5,0,12,374,0,0,0,61,0,0,0,0,0,"3.643","3.789","3","14"
"661de12166b656c5427e421e",65,454,4885,312497,0,5,28,4687,0,0,2,134,0,0,0,0,0,"27,2 N","587","3","14"
"661de12166b656c5427e421a",59,10,28,2601,1,0,2,67,0,0,0,67,0,0,0,0,0,"5.439","5.999","3","14"
"661d09538220c9c05f16de8c",32,666,4163,235987,1,18,100,6259,0,0,0,58,0,0,0,0,0,"","","39","39"
"661d09538220c9c05f16de88",737,1024,1028,328031,4,5,27,3211,0,0,0,61,0,0,0,0,0,"","","39","39"
"661d08e68220c9c05f16de7d",11,17,248,9380,105,491,1721,62897,0,0,0,62,0,0,0,0,0,"68,9 N","1.542","3","14"
"661d08e68220c9c05f16de79",21,200,401,265768,0,2,39,8146,0,0,0,272,0,0,0,0,0,"16,9 N","656","3","14"
"661d0083914745e26c279255",16,1,82,7897,3,86,117,1982,17,1,1,7977,0,0,0,0,0,"11,6 N","27","39","39"
"661d00508220c9c05f16de72",21,210,239,4774,1,0,2,83,0,0,0,57,0,0,0,0,0,"19,4 N","5.012","39","39"
"661d00508220c9c05f16de6e",19,219,527,30,1,0,1,1,0,0,0,54,0,0,0,0,0,"2.745","398","39","39"
"661d00508220c9c05f16de6a",53,827,1253,68,94,94,1309,3651019,0,0,0,59,0,0,0,0,0,"13,2 N","172","39","39"
"661cfb628220c9c05f16de5e",47,58,771,120631,1,16,21,2313,0,0,0,63,0,0,0,0,0,"1.916","1.046","39","39"
"661cfb288220c9c05f16de56",122,61,162,19375,1,3,36,501,0,0,0,50,0,0,0,0,0,"371,2 N","3.995","39","39"
"661cfb288220c9c05f16de52",33,287,616,10748,3,6,37,1118,0,0,0,60,0,0,0,0,0,"60,9 N","18,3 N","39","39"
"661cfb288220c9c05f16de4e",60,139,476,7140,928,1112,9840,40223317,0,0,0,56,0,0,0,0,0,"105,5 N","230","39","39"
"661cf56b914745e26c2791c1",30,30,847,60197,219,219,2500,8905241,0,0,0,101,0,0,0,0,0,"895","272","39","39"
"661cf56a914745e26c2791bd",144,1095,9080,273714,1,0,23,2017,0,0,0,57,0,0,0,0,0,"14,8 N","129","39","39"
"661cf534914745e26c2791b8",22,5,218,218,1,0,9,9,0,0,0,57,0,0,0,0,0,"17,3 N","668","39","39"
"661cf358914745e26c279178",12,250,1873,75771,0,3,30,3876,0,0,0,64,0,0,0,0,0,"31,1 N","346","39","39"
"661cf358914745e26c279174",12,113,599,24860,2,0,23,1513,0,0,0,59,0,0,0,0,0,"804","2.263","39","39"
"661cf357914745e26c279170",25,79,1645,27888,218,217,2500,8893048,0,0,0,106,0,0,0,0,0,"201 N","640","39","39"
"661cf357914745e26c27916c",18,30,234,9432,1,0,10,163,0,0,0,63,0,0,0,0,0,"8.740","6.085","39","39"
"661cf357914745e26c279168",18,345,3073,53397,218,217,2500,8893048,0,0,1,66,0,0,0,0,0,"5.069","121","39","39"
"661b3b7b914745e26c278aca",19,6,58,3157,1,0,2,30,0,0,0,62,0,0,0,0,0,"","","39","39"
"661b3b7b914745e26c278ac6",322,200,238,169820,1,4,584,14245,0,0,1,81,0,0,0,0,0,"","","39","39"
"661b3b7b914745e26c278ac2",86,58,330,37339,0,7,45,224362,0,0,0,72,0,0,0,0,0,"343,3 N","2","39","39"
"661b3b7b914745e26c278abe",26,15,70,1581,1,2,5,123,0,0,0,68,0,0,0,0,0,"1.378","117","39","39"
"661b10cc914745e26c278986",891,28493,212141,11920469,8,18,359,13300,0,0,0,52,0,0,0,0,0,"","","39","39"
"661b10cb914745e26c278982",406,11324,66775,3692725,1,3,134,11568,0,0,0,53,0,0,0,0,0,"","","39","39"
"661ae698914745e26c278872",20,12,121,121,1,0,4,4,0,0,0,88,0,0,0,0,0,"","","3","14"
"661ae698914745e26c27886e",23,186,459,51113,0,10,35,3697,0,0,0,77,0,0,0,0,0,"202","301","3","14"
"661aa687914745e26c2787d8",18,4,305,2762,5,8,82,3123222,0,0,0,86,0,0,0,0,0,"67,1 N","2.052","3","14"
"661a8e37914745e26c2787a5",11,13,94,6403,46,45,838,2610871,0,0,0,1103,0,0,0,0,0,"","","3","14"
"661a8e37914745e26c2787a1",177,2059,14757,750348,3,5,396,22313,0,0,2,253,0,0,0,0,0,"","","3","14"
"661a89fb914745e26c278744",34,95,408,17634,1,0,2,61,0,0,0,59,0,0,0,0,0,"7.884","4.997","39","39"
"661a860f914745e26c2786de",30,178,1003,31600,1,0,1,59,1,0,1,67,0,0,0,0,0,"","","39","39"
"661a860f914745e26c2786da",15,209,768,11563,1,0,1,64,0,0,1,59,0,0,0,0,0,"41,4 N","25,5 N","39","39"
"661a66cc914745e26c278583",13,2,22,440,1,0,2,8,0,0,0,65,0,0,0,0,0,"","","3","14"
"661a66cb914745e26c27857f",68,40,1195,556897,2,1,72,5296,0,0,0,70,0,0,0,0,0,"1 Tr","1.911","3","14"
"661a5b66914745e26c278578",105,1183,23342,264097,1,0,21,1410,0,0,0,68,0,0,0,0,0,"","","3","14"
"661a3bfb914745e26c278441",15,112,438,9521,3,0,114,147679,0,0,1,72,0,0,0,0,0,"","","3","14"
"6619ea2c914745e26c2783a9",274,889,8152,497142,44,13,625,5678,0,0,0,60,0,0,0,0,0,"","","3","14"
"6619ea2b914745e26c2783a5",25,33,181,18932,75,43,785,1017522,0,0,2,71,0,0,0,0,0,"","","3","14"
"6619bdeb914745e26c2782a2",126,63,251,30392,21,9,302,496805,0,0,0,58,0,0,0,0,0,"","","39","39"
"661993c3914745e26c27819b",13,4,21,21,24,15,231,1391885,0,0,0,61,0,0,0,0,0,"773","419","3","14"
"661993c3914745e26c278197",21,72,855,14,0,0,0,67,0,0,0,67,0,0,0,0,0,"122","6","3","14"
"661993c3914745e26c278193",29,14,96,23999,0,0,7,169,0,0,0,66,0,0,0,0,0,"29,8 N","2.894","3","14"
"661993c3914745e26c27818f",42,205,555,16214,1833,1262,16845,37422493,0,0,0,68,0,0,0,0,0,"","","3","14"
"66193f1d914745e26c27811a",37,0,31,344,0,0,0,6,0,0,0,65,0,0,0,0,0,"33","77","39","39"
"6618ea9b914745e26c277ebd",77,1679,2344,203,3,46,158,3,0,0,0,68,0,0,0,0,0,"58,1 N","1.700","39","39"
"6618ea9b914745e26c277eb9",25,131,433,2,21,70,894,2496680,0,0,0,55,0,0,0,0,0,"39,1 N","407","39","39"
"661877366708315f29b1488f",442,1692,1802,4024,0,6,7,122,0,0,0,69,0,0,0,0,0,"53,6 N","3","39","39"
"661877366708315f29b1488b",135,158,793,10844,1,0,7,89,0,0,0,74,0,0,0,0,0,"12,9 N","2.136","39","39"
"661877366708315f29b14887",40,200,300,6783,2,16,42,912,0,0,0,73,0,0,0,0,0,"21,1 N","6.965","39","39"
"661877366708315f29b14883",337,239,579,33886,3,28,136,2230,0,0,0,75,0,0,0,0,0,"72,3 N","852","39","39"
"661877356708315f29b1487f",53,425,3249,30040,5680,7284,50435,84739830,0,0,0,87,0,0,0,0,0,"116,5 N","254","39","39"
"661877356708315f29b1487b",87,75,446,5955,5,1,21,217,0,0,0,66,0,0,0,0,0,"19,4 N","18,1 N","39","39"
"661877356708315f29b14877",65,219,1039,55914,727,692,9352,18705705,0,0,0,73,0,0,0,0,0,"535,1 N","953","39","39"
"661877356708315f29b14873",1743,7306,31112,1569012,124,93,1308,46196,0,0,0,69,0,0,0,0,0,"674,8 N","454","39","39"
"661877356708315f29b1486f",3126,6645,34402,36450158,211,349,3274,12844628,0,0,0,48,0,0,0,0,0,"3,4 Tr","122","39","39"
"661877356708315f29b1486b",24,665,4848,145477,267,26,1133,1558576,0,0,0,66,0,0,0,0,0,"918,3 N","194","39","39"
"661877356708315f29b14867",24,252,919,344,1,8,70,3,0,0,0,125,0,0,0,0,0,"4.223","3.216","39","39"
"661877356708315f29b14863",22,243,988,5,0,0,5,5,0,0,0,56,0,0,0,0,0,"119,9 N","433","39","39"
"661877356708315f29b1485f",51,53,103,1842,1,0,1,18,0,0,1,67,0,0,0,0,0,"2.027","781","39","39"
"661877356708315f29b1485b",46,211,2177,44,5,28,315,3,0,0,0,66,0,0,0,0,0,"164,8 N","2.120","39","39"
"661877356708315f29b14857",18,597,828,74,1,15,29,1,0,0,0,95,0,0,0,0,0,"513","452","39","39"
"661876c86708315f29b14841",47,195,260,7378,1,0,3,26,0,0,0,66,0,0,0,0,0,"224,3 N","34,5 N","39","39"
"661876c76708315f29b1483d",291,218,329,40250,2,19,72,1093,0,0,0,62,0,0,0,0,0,"405,4 N","343","39","39"
"661876c76708315f29b14839",3117,3805,5301,751768,14,231,666,13513,0,0,0,49,0,0,0,0,0,"405,4 N","343","39","39"
"661876c76708315f29b14835",27,115,600,238187,1,12,49,11164,0,0,0,96,0,0,0,0,0,"3,7 Tr","99","39","39"
"661793e1d4d8b557d41e0e65",14,5,24,24,909,651,9590,14562005,1,0,1,63,0,0,0,0,0,"5.107","2.855","39","39"
"661793e1d4d8b557d41e0e61",18,16,54,54,1,0,1,1,0,0,1,64,0,0,0,0,0,"","","39","39"
"661793e1d4d8b557d41e0e5d",69,296,334,8,4,3,17,17,0,0,0,64,0,0,0,0,0,"","","39","39"
"661793e1d4d8b557d41e0e59",70,44,510,10927,1,0,1,42,0,0,1,79,0,0,0,0,0,"","","39","39"
"661793e1d4d8b557d41e0e55",78,30,480,480,1,1,4,4,0,0,1,72,0,0,0,0,0,"4.176","3.346","39","39"
"661793e1d4d8b557d41e0e51",24,70,767,26613,1,0,1,74,0,0,0,72,0,0,0,0,0,"4.568","677","39","39"
"661793e1d4d8b557d41e0e4d",57,1226,7276,134343,2,2,65,9374,0,0,0,66,0,0,0,0,0,"","","39","39"
"6617912dd4d8b557d41e0db9",41,19,276,3,1,0,1,1,0,0,0,66,0,0,0,0,0,"46,4 N","266","39","39"
"6617912dd4d8b557d41e0db5",13,78,347,11,23,30,282,865912,0,0,1,70,0,0,0,0,0,"1.562","706","39","39"
"661764235c5b69fa3608d834",24,56,462,6539,7,0,30,68155,0,0,0,71,0,0,0,0,0,"1,528","686","39","39"
"661764085c5b69fa3608d82f",46,33,155,4224,0,2,20,202,0,0,1,79,0,0,0,0,0,"3.376","851","39","39"
"661764085c5b69fa3608d82b",24,34,229,19110,1,0,2,75,0,0,0,75,0,0,0,0,0,"12,6 N","1.037","39","39"
"661764085c5b69fa3608d827",14,10,50,50,1,0,1,1,0,0,0,70,0,0,0,0,0,"1.243","134","39","39"
"661764085c5b69fa3608d823",16,860,3909,371305,4,75,388,20377,0,0,0,73,0,0,0,0,0,"32,9 N","2.254","39","39"
"661764085c5b69fa3608d81f",515,3733,16293,424997,54,40,822,47146,0,0,0,43,0,0,0,0,0,"110,5 N","932","39","39"
"661764075c5b69fa3608d81b",15,368,3848,55809,1,0,13,1600,0,0,0,83,0,0,0,0,0,"1.465","64","39","39"
"661764075c5b69fa3608d817",29,274,1730,334992,1,0,26,3274,0,0,0,68,0,0,0,0,0,"2.608","179","39","39"
"661764075c5b69fa3608d813",63,174,17135,280754,1,0,99,12151,0,0,1,107,0,0,0,0,0,"5.038","1.156","39","39"
"661764075c5b69fa3608d80f",28,24,130,1501,0,1,6,148,0,0,0,66,0,0,0,0,0,"2.851","2.366","39","39"
"661764075c5b69fa3608d80b",41,35,312,3338,1,1,11,75,0,0,1,77,0,0,0,0,0,"2.429","1.528","39","39"
"661764075c5b69fa3608d807",29,59,807,13831,1,0,1,68,0,0,0,90,0,0,0,0,0,"7.638","51","39","39"
"661764065c5b69fa3608d803",17,158,1788,57200,1,1,5,7265,0,0,1,79,0,0,0,0,0,"158,3 N","56","39","39"
"661764065c5b69fa3608d7ff",14,2418,24180,373262,2,5,37,2467,0,0,0,295,0,0,0,0,0,"7.041","0","39","39"
"6617639a5c5b69fa3608d7f7",50,759,2044,91432,362,252,4131,13813321,0,0,0,70,0,0,0,0,0,"3.056","1.806","39","39"
"6617639a5c5b69fa3608d7f3",71,109,1088,107774,1,0,6,957,0,0,0,76,0,0,0,0,0,"4.400","946","39","39"
"6617639a5c5b69fa3608d7ef",28,271,2330,186026,0,0,20,1402,0,0,0,70,0,0,0,0,0,"50,1 N","6.118","39","39"
"6617639a5c5b69fa3608d7eb",16,1,76,76,150,94,1665,4310572,0,0,0,56,0,0,0,0,0,"3.167","1.355","39","39"
"6617639a5c5b69fa3608d7e7",20,9,200,1,1,0,3,3,0,0,0,68,0,0,0,0,0,"12,6 N","2.754","39","39"
"66175f585c5b69fa3608d74c",50,232,2069,784225,0,0,1,744,0,0,0,69,0,0,0,0,0,"958,4 N","1","39","39"
"66175f585c5b69fa3608d748",51,331,2548,128256,0,0,2,116,0,0,0,64,0,0,0,0,0,"958,4 N","1","39","39"
"66175f575c5b69fa3608d744",178,657,888,9463,2,7,19,190,0,0,1,62,0,0,0,0,0,"1.156","1.244","39","39"
"66175f575c5b69fa3608d740",28,317,634,69259,0,0,11,1198,0,0,0,92,0,0,0,0,0,"288,3 N","0","39","39"
"66175f575c5b69fa3608d73c",11,83,122,82853,0,0,5,701,0,0,0,86,0,0,0,0,0,"7.002","430","39","39"
"66175f575c5b69fa3608d738",47,6,40,4578,4,0,4,277,0,0,0,65,0,0,0,0,0,"607","1.040","39","39"
"66175f565c5b69fa3608d734",57,130,985,72991,8,0,11,3006,0,0,0,68,0,0,0,0,0,"50,5 N","144","39","39"
"66175f565c5b69fa3608d730",40,671,4691,83213,1,3,52,1844,0,0,0,66,0,0,0,0,0,"359","539","39","39"
"66175f565c5b69fa3608d72c",17,84,126,1925,0,0,9,87,0,0,2,115,0,0,0,0,0,"51,3 N","7.653","39","39"
"66175f565c5b69fa3608d728",11,32,326,9054,5567,7079,49552,81695709,0,0,0,72,0,0,0,0,0,"4.263","11","39","39"
"66175f565c5b69fa3608d724",17,29,251,22684,32,18,327,14199,0,0,0,64,0,0,0,0,0,"19,1 N","940","39","39"
"66175f555c5b69fa3608d720",11,32,62,2058,1,1,4,108,0,0,1,77,0,0,0,0,0,"3.332","4.960","39","39"
"66175f555c5b69fa3608d71c",118,160,506,16899,1,6,76,528,0,0,0,72,0,0,0,0,0,"715,1 N","233","39","39"
"66175f555c5b69fa3608d718",42,139,6078,161625,5567,7079,49551,81697060,0,0,0,87,0,0,0,0,0,"773,7 N","426","39","39"
"66175f545c5b69fa3608d714",22,155,286,1993,2,1,7,273,0,0,0,76,0,0,0,0,0,"6.262","236","39","39"
"66175f545c5b69fa3608d710",227,8441,89270,4440295,10,919,9340,240353,0,0,0,0,0,0,0,0,0,"1.365","263","39","39"
"66175f545c5b69fa3608d70c",529,22745,187151,9549719,0,0,2,28,0,0,0,61,0,0,0,0,0,"2,1 Tr","6.070","39","39"
"66175f545c5b69fa3608d708",70,912,5647,328115,0,0,18,991,0,0,0,76,0,0,0,0,0,"966,4 N","1","39","39"
"66175f535c5b69fa3608d704",68,4511,34786,748564,0,1,58,20773,0,0,0,64,0,0,0,0,0,"822 N","49","39","39"
"66175f535c5b69fa3608d700",264,3690,29799,4059942,1,1,15,1416,0,0,0,78,0,0,0,0,0,"2,7 Tr","74","39","39"
"66175be65c5b69fa3608d692",39,266,1209,718904,4,9,113,8278,0,0,0,68,0,0,0,0,0,"152,1 N","285","39","39"
"66175be65c5b69fa3608d68e",67,548,1936,115272,13,24,139,10734,0,0,0,73,0,0,0,0,0,"244 N","764","39","39"
"66175be65c5b69fa3608d68a",18,431,2619,46176,2,0,47,1845,0,0,0,82,0,0,0,0,0,"348","65","39","39"
"66175be55c5b69fa3608d686",21,1138,8308,129177,1,0,3,322,0,0,0,67,0,0,0,0,0,"3.667","1.231","39","39"
"66175be55c5b69fa3608d682",21,801,5115,50146,4,0,18,841,0,0,0,93,0,0,0,0,0,"21 N","845","39","39"
"66175be55c5b69fa3608d67e",12,328,2596,55239,1,0,1,230,0,0,0,76,0,0,0,0,0,"14,8 N","751","39","39"
"66175be55c5b69fa3608d67a",49,3,38,659,115,28,85,1936,0,0,0,60,0,0,0,0,0,"1.773","375","39","39"
"66175be55c5b69fa3608d676",14,20,95,6830,1,2,16,444,0,0,0,518,0,0,0,0,0,"4.230","2.517","39","39"
"66175be55c5b69fa3608d672",12,192,1113,20663,2,184,787,10653,0,0,0,72,0,0,0,0,0,"11,3 N","446","39","39"
"66175be45c5b69fa3608d66e",15,21,55,1039,1,0,1,23,1,0,1,74,0,0,0,0,0,"663","787","39","39"
"66175be45c5b69fa3608d66a",22,528,4876,46851,0,0,3,801,0,0,0,79,0,0,0,0,0,"7.206","109","39","39"
"66175be45c5b69fa3608d666",15,32,124,2056,1,0,2,102,1,0,1,72,0,0,0,0,0,"1.616","52","39","39"
"66175be45c5b69fa3608d662",14,133,763,8817,1,0,1,83,0,0,0,78,0,0,0,0,0,"512","488","39","39"
"66175be45c5b69fa3608d65e",36,1,40,3286,308,218,3627,5479457,0,0,0,75,0,0,0,0,0,"2.613","2.112","39","39"
"66175be45c5b69fa3608d65a",180,36,1071,22053,1,0,3,169,0,0,0,68,0,0,0,0,0,"21,1 N","1.238","39","39"
"66175be45c5b69fa3608d656",50,121,386,54777,2,1,27,2325,0,0,0,68,0,0,0,0,0,"2.688","433","39","39"
"66175be35c5b69fa3608d652",217,97,345,224725,66,38,628,0,0,0,0,73,0,0,0,0,0,"1,3 Tr","20 N","39","39"
"66175be35c5b69fa3608d64e",131,198,419,67205,8,0,97,4126,0,0,0,78,0,0,0,0,0,"53,5 N","380","39","39"
"66175be35c5b69fa3608d64a",46,717,12182,315256,6210,7876,55496,112770615,0,0,0,74,0,0,0,0,0,"77,6 N","308","39","39"
"66175be35c5b69fa3608d646",118,493,1837,217403,0,0,13,1620,0,0,0,68,0,0,0,0,0,"56 N","183","39","39"
"661576429647027c24640d8c",11,55,54,4005,18,69,128,4405,0,1,1,162,0,0,0,0,0,"16,7 N","1.590","3","14"
"661576429647027c24640d88",15,0,24,766,1,0,1,8,0,0,0,70,0,0,0,0,0,"990","823","3","14"
"661576419647027c24640d84",54,0,72,2746,1,0,1,7,0,0,0,57,0,0,0,0,0,"3.031","4.797","3","14"
"661576419647027c24640d80",14,16,290,20005,155,13156,109842,2746595,0,0,0,72,0,0,0,0,0,"3,8 Tr","523","3","14"
"661576419647027c24640d7c",17,104,1233,44701,0,0,3,249,0,0,0,63,0,0,0,0,0,"3,8 Tr","523","3","14"
"661576409647027c24640d78",16,15,148,0,267,795,10432,1095572,0,0,0,64,0,0,0,0,0,"2,3 Tr","1.079","3","14"
"661576409647027c24640d74",35,380,3968,107885,0,2,48,1007,0,0,0,75,0,0,0,0,0,"3,8 Tr","523","3","14"
"661576409647027c24640d70",21,229,4168,69468,0,0,0,47,0,0,0,62,0,0,0,0,0,"3,8 Tr","523","3","14"
"661576409647027c24640d6c",24,88,1165,45895,0,1,2,52,0,0,0,71,0,0,0,0,0,"3,8 Tr","523","3","14"
"6615763f9647027c24640d68",50,950,14141,191951,2,0,18,952,0,0,0,61,0,0,0,0,0,"3,8 Tr","523","3","14"
"6615763f9647027c24640d64",18,31,606,40052,0,0,2,95,0,0,0,60,0,0,0,0,0,"3,8 Tr","523","3","14"
"6615763f9647027c24640d60",25,39,197,2,3,0,24,24,0,0,0,54,0,0,0,0,0,"304,8 N","1.125","3","14"
"6615763e9647027c24640d5c",31,90,530,23795,0,0,3,205,0,0,0,60,0,0,0,0,0,"13 N","1.027","3","14"
"6615763e9647027c24640d58",69,32,485,71323,5,9,47,5522,0,0,0,76,0,0,0,0,0,"4.432","475","3","14"
"6615763e9647027c24640d54",52,507,313,6,265,25,1123,1546063,0,0,0,58,0,0,0,0,0,"131,9 N","212","3","14"
"6615763d9647027c24640d50",67,28,853,191139,1,0,171,8379,0,0,0,71,0,0,0,0,0,"9.996","902","3","14"
"6615763d9647027c24640d4c",15,18,44,4,1,0,5,5,0,0,0,62,0,0,0,0,0,"82 N","144","3","14"
"661575009647027c24640d47",56,40,57,57,8,10,39,70329,0,0,0,83,0,0,0,0,0,"224","5","3","14"
"661575009647027c24640d43",11,4,59,7091,0,0,1,31,0,0,0,64,0,0,0,0,0,"6.872","0","3","14"
"661575009647027c24640d3f",17,27,156,6707,0,0,2,49,0,0,0,66,0,0,0,0,0,"6.872","0","3","14"
"661574ff9647027c24640d3b",12,3,52,4954,0,0,2,127,0,0,0,64,0,0,0,0,0,"6.872","0","3","14"
"661574ff9647027c24640d37",27,31,341,18742,1,0,2,173,0,0,0,63,0,0,0,0,0,"30,5 N","1.278","3","14"
"661574ff9647027c24640d33",129,13,64,15749,1,0,5,156,0,0,1,72,0,0,0,0,0,"","","3","14"
"661574ff9647027c24640d2f",34,43,50,1698,1,0,1,25,0,0,0,0,0,0,0,0,0,"","","3","14"
"661574ff9647027c24640d2b",32,37,58,1408,0,0,0,9,0,0,0,20,0,0,0,0,0,"","","3","14"
"661572f39647027c24640d26",15,12,107,2309,20,38,540,2330025,0,0,0,66,0,0,0,0,0,"3.324","572","39","39"
"661572839647027c24640d21",32,333,478,8,44,5,137,1238939,0,0,0,111,0,0,0,0,0,"28,2 N","387","39","39"
"661572839647027c24640d1d",39,96,137,5533,10,21,69,107630,0,0,0,64,0,0,0,0,0,"3.797","3.058","39","39"
"6615727e9647027c24640d19",15,26,160,1713,903,478,3801,1655863,0,0,0,69,0,0,0,0,0,"16,9 N","18,3 N","39","39"
"6615727c9647027c24640d15",31,23,110,1780,1,2,11,96,0,0,1,74,0,0,0,0,0,"2,008","1,342","2","1"
